-- Seed 100 Doctors Data (Women's Health MVP)
-- Generated by script

-- CLEANUP EXISTING DATA
TRUNCATE TABLE doctors CASCADE;
-- TRUNCATE TABLE profiles CASCADE; -- Be careful, this wipes admin too if not handled. Better to just wipe doctors via cascade.


-- Doctor 1: Dr. Munira Al-Rashid
DO $$
BEGIN
    -- Cleanup existing user with this email to prevent ID mismatch
    DELETE FROM auth.users WHERE email = 'munira.al-rashid.100@marham.sa';
    
    INSERT INTO auth.users (
        id, instance_id, email, encrypted_password, email_confirmed_at, 
        created_at, updated_at, raw_app_meta_data, raw_user_meta_data, aud, role
    ) VALUES (
        'ee65c669-59b1-4b57-9215-2ebc0dd3232b', '00000000-0000-0000-0000-000000000000', 'munira.al-rashid.100@marham.sa', 
        crypt('password123', gen_salt('bf')), now(), now(), now(), 
        '{"provider":"email","providers":["email"]}', 
        '{"full_name":"Dr. Munira Al-Rashid","role":"doctor"}', 
        'authenticated', 'authenticated'
    );
EXCEPTION WHEN unique_violation THEN NULL;
END $$;

DO $$
BEGIN
    INSERT INTO profiles (id, role, full_name_ar, full_name_en, city, created_at, updated_at)
    VALUES (
        'ee65c669-59b1-4b57-9215-2ebc0dd3232b', 'doctor', 'د. لطيفة الراشد', 'Dr. Munira Al-Rashid', 'Riyadh', now(), now()
    );
EXCEPTION WHEN unique_violation THEN NULL;
END $$;

DO $$
BEGIN
    INSERT INTO doctors (
        id, profile_id, scfhs_license, specialty, sub_specialties, hospital, 
        experience_years, consultation_price, rating, total_consultations, 
        status, profile_photo_url, bio_ar, bio_en, created_at, updated_at
    ) VALUES (
        '9cea37ae-681f-4f2a-932e-97e87b850001', 'ee65c669-59b1-4b57-9215-2ebc0dd3232b', '100000', 'Nutrition', 
        ARRAY['Weight Management','Pregnancy Nutrition','PCOS Diet'], 'Wellness Clinic', 
        6, 250, 4.8, 193, 
        'approved', '/images/doctors/doctor_noura_alrashid_1764849899936.png', 'أخصائية تغذية علاجية، برامج متخصصة لمرضى تكيس المبايض وتغذية الحوامل وإنقاص الوزن.', 'Clinical Nutritionist specializing in PCOS management, pregnancy nutrition, and weight loss.', now(), now()
    );
EXCEPTION WHEN unique_violation THEN NULL;
END $$;

INSERT INTO doctor_schedules (id, doctor_id, day_of_week, start_time, end_time, is_available)
VALUES
    (uuid_generate_v4(), '9cea37ae-681f-4f2a-932e-97e87b850001', 1, '09:00', '17:00', true),
    (uuid_generate_v4(), '9cea37ae-681f-4f2a-932e-97e87b850001', 2, '09:00', '17:00', true),
    (uuid_generate_v4(), '9cea37ae-681f-4f2a-932e-97e87b850001', 3, '09:00', '14:00', true),
    (uuid_generate_v4(), '9cea37ae-681f-4f2a-932e-97e87b850001', 4, '13:00', '21:00', true),
    (uuid_generate_v4(), '9cea37ae-681f-4f2a-932e-97e87b850001', 0, '10:00', '16:00', true);

-- Doctor 2: Dr. Asma Al-Ali
DO $$
BEGIN
    -- Cleanup existing user with this email to prevent ID mismatch
    DELETE FROM auth.users WHERE email = 'asma.al-ali.101@marham.sa';
    
    INSERT INTO auth.users (
        id, instance_id, email, encrypted_password, email_confirmed_at, 
        created_at, updated_at, raw_app_meta_data, raw_user_meta_data, aud, role
    ) VALUES (
        '5c5241cd-f780-46b9-8335-d3ee2d8af561', '00000000-0000-0000-0000-000000000000', 'asma.al-ali.101@marham.sa', 
        crypt('password123', gen_salt('bf')), now(), now(), now(), 
        '{"provider":"email","providers":["email"]}', 
        '{"full_name":"Dr. Asma Al-Ali","role":"doctor"}', 
        'authenticated', 'authenticated'
    );
EXCEPTION WHEN unique_violation THEN NULL;
END $$;

DO $$
BEGIN
    INSERT INTO profiles (id, role, full_name_ar, full_name_en, city, created_at, updated_at)
    VALUES (
        '5c5241cd-f780-46b9-8335-d3ee2d8af561', 'doctor', 'د. هياء العلي', 'Dr. Asma Al-Ali', 'Medina', now(), now()
    );
EXCEPTION WHEN unique_violation THEN NULL;
END $$;

DO $$
BEGIN
    INSERT INTO doctors (
        id, profile_id, scfhs_license, specialty, sub_specialties, hospital, 
        experience_years, consultation_price, rating, total_consultations, 
        status, profile_photo_url, bio_ar, bio_en, created_at, updated_at
    ) VALUES (
        'c8996044-2127-4c94-a88e-0645aa56ca61', '5c5241cd-f780-46b9-8335-d3ee2d8af561', '100001', 'Breast Surgery', 
        ARRAY['Breast Oncology','Reconstructive Surgery'], 'King Faisal Specialist Hospital', 
        9, 150, 4.9, 156, 
        'approved', '/images/doctors/doctor_sarah_ahmed_1764849887752.png', 'استشارية جراحة أورام الثدي والجراحة الترميمية. الكشف المبكر والعلاج الجراحي.', 'Consultant Breast Surgeon specializing in oncology and reconstructive surgery.', now(), now()
    );
EXCEPTION WHEN unique_violation THEN NULL;
END $$;

INSERT INTO doctor_schedules (id, doctor_id, day_of_week, start_time, end_time, is_available)
VALUES
    (uuid_generate_v4(), 'c8996044-2127-4c94-a88e-0645aa56ca61', 1, '09:00', '17:00', true),
    (uuid_generate_v4(), 'c8996044-2127-4c94-a88e-0645aa56ca61', 2, '09:00', '17:00', true),
    (uuid_generate_v4(), 'c8996044-2127-4c94-a88e-0645aa56ca61', 3, '09:00', '14:00', true),
    (uuid_generate_v4(), 'c8996044-2127-4c94-a88e-0645aa56ca61', 4, '13:00', '21:00', true),
    (uuid_generate_v4(), 'c8996044-2127-4c94-a88e-0645aa56ca61', 0, '10:00', '16:00', true);

-- Doctor 3: Dr. Haya Al-Dossari
DO $$
BEGIN
    -- Cleanup existing user with this email to prevent ID mismatch
    DELETE FROM auth.users WHERE email = 'haya.al-dossari.102@marham.sa';
    
    INSERT INTO auth.users (
        id, instance_id, email, encrypted_password, email_confirmed_at, 
        created_at, updated_at, raw_app_meta_data, raw_user_meta_data, aud, role
    ) VALUES (
        '1f559502-8ef4-4dec-b408-e1b925b1f88a', '00000000-0000-0000-0000-000000000000', 'haya.al-dossari.102@marham.sa', 
        crypt('password123', gen_salt('bf')), now(), now(), now(), 
        '{"provider":"email","providers":["email"]}', 
        '{"full_name":"Dr. Haya Al-Dossari","role":"doctor"}', 
        'authenticated', 'authenticated'
    );
EXCEPTION WHEN unique_violation THEN NULL;
END $$;

DO $$
BEGIN
    INSERT INTO profiles (id, role, full_name_ar, full_name_en, city, created_at, updated_at)
    VALUES (
        '1f559502-8ef4-4dec-b408-e1b925b1f88a', 'doctor', 'د. خلود الدوسري', 'Dr. Haya Al-Dossari', 'Khobar', now(), now()
    );
EXCEPTION WHEN unique_violation THEN NULL;
END $$;

DO $$
BEGIN
    INSERT INTO doctors (
        id, profile_id, scfhs_license, specialty, sub_specialties, hospital, 
        experience_years, consultation_price, rating, total_consultations, 
        status, profile_photo_url, bio_ar, bio_en, created_at, updated_at
    ) VALUES (
        '0e41f60a-dfc3-47a8-b366-b418689d8f8e', '1f559502-8ef4-4dec-b408-e1b925b1f88a', '100002', 'Breast Surgery', 
        ARRAY['Breast Oncology','Reconstructive Surgery'], 'King Faisal Specialist Hospital', 
        25, 350, 4.7, 380, 
        'approved', '/images/doctors/doctor_leila_khalid_1764849830840.png', 'استشارية جراحة أورام الثدي والجراحة الترميمية. الكشف المبكر والعلاج الجراحي.', 'Consultant Breast Surgeon specializing in oncology and reconstructive surgery.', now(), now()
    );
EXCEPTION WHEN unique_violation THEN NULL;
END $$;

INSERT INTO doctor_schedules (id, doctor_id, day_of_week, start_time, end_time, is_available)
VALUES
    (uuid_generate_v4(), '0e41f60a-dfc3-47a8-b366-b418689d8f8e', 1, '09:00', '17:00', true),
    (uuid_generate_v4(), '0e41f60a-dfc3-47a8-b366-b418689d8f8e', 2, '09:00', '17:00', true),
    (uuid_generate_v4(), '0e41f60a-dfc3-47a8-b366-b418689d8f8e', 3, '09:00', '14:00', true),
    (uuid_generate_v4(), '0e41f60a-dfc3-47a8-b366-b418689d8f8e', 4, '13:00', '21:00', true),
    (uuid_generate_v4(), '0e41f60a-dfc3-47a8-b366-b418689d8f8e', 0, '10:00', '16:00', true);

-- Doctor 4: Dr. Samar Al-Subaie
DO $$
BEGIN
    -- Cleanup existing user with this email to prevent ID mismatch
    DELETE FROM auth.users WHERE email = 'samar.al-subaie.103@marham.sa';
    
    INSERT INTO auth.users (
        id, instance_id, email, encrypted_password, email_confirmed_at, 
        created_at, updated_at, raw_app_meta_data, raw_user_meta_data, aud, role
    ) VALUES (
        '4636e68b-95dc-44fb-ad73-36b44b6d1f80', '00000000-0000-0000-0000-000000000000', 'samar.al-subaie.103@marham.sa', 
        crypt('password123', gen_salt('bf')), now(), now(), now(), 
        '{"provider":"email","providers":["email"]}', 
        '{"full_name":"Dr. Samar Al-Subaie","role":"doctor"}', 
        'authenticated', 'authenticated'
    );
EXCEPTION WHEN unique_violation THEN NULL;
END $$;

DO $$
BEGIN
    INSERT INTO profiles (id, role, full_name_ar, full_name_en, city, created_at, updated_at)
    VALUES (
        '4636e68b-95dc-44fb-ad73-36b44b6d1f80', 'doctor', 'د. هياء السبيعي', 'Dr. Samar Al-Subaie', 'Medina', now(), now()
    );
EXCEPTION WHEN unique_violation THEN NULL;
END $$;

DO $$
BEGIN
    INSERT INTO doctors (
        id, profile_id, scfhs_license, specialty, sub_specialties, hospital, 
        experience_years, consultation_price, rating, total_consultations, 
        status, profile_photo_url, bio_ar, bio_en, created_at, updated_at
    ) VALUES (
        '60e46f35-9beb-4d74-9e4f-b50c1b5b9077', '4636e68b-95dc-44fb-ad73-36b44b6d1f80', '100003', 'Dermatology', 
        ARRAY['Cosmetic Dermatology','Laser','Anti-Aging'], 'Habib Medical Group', 
        17, 250, 4.7, 165, 
        'approved', '/images/doctors/doctor_fatima_ali_1764849767672.png', 'استشارية جلدية وتجميل والليزر. متخصصة في الحقن التجميلي والعناية بالبشرة.', 'Consultant Dermatologist and Cosmetic Laser specialist. Expert in aesthetic injections and skin care.', now(), now()
    );
EXCEPTION WHEN unique_violation THEN NULL;
END $$;

INSERT INTO doctor_schedules (id, doctor_id, day_of_week, start_time, end_time, is_available)
VALUES
    (uuid_generate_v4(), '60e46f35-9beb-4d74-9e4f-b50c1b5b9077', 1, '09:00', '17:00', true),
    (uuid_generate_v4(), '60e46f35-9beb-4d74-9e4f-b50c1b5b9077', 2, '09:00', '17:00', true),
    (uuid_generate_v4(), '60e46f35-9beb-4d74-9e4f-b50c1b5b9077', 3, '09:00', '14:00', true),
    (uuid_generate_v4(), '60e46f35-9beb-4d74-9e4f-b50c1b5b9077', 4, '13:00', '21:00', true),
    (uuid_generate_v4(), '60e46f35-9beb-4d74-9e4f-b50c1b5b9077', 0, '10:00', '16:00', true);

-- Doctor 5: Dr. Bashayer Al-Khalid
DO $$
BEGIN
    -- Cleanup existing user with this email to prevent ID mismatch
    DELETE FROM auth.users WHERE email = 'bashayer.al-khalid.104@marham.sa';
    
    INSERT INTO auth.users (
        id, instance_id, email, encrypted_password, email_confirmed_at, 
        created_at, updated_at, raw_app_meta_data, raw_user_meta_data, aud, role
    ) VALUES (
        '4aa13f1f-0c5e-4946-bbbe-ff021a5310f4', '00000000-0000-0000-0000-000000000000', 'bashayer.al-khalid.104@marham.sa', 
        crypt('password123', gen_salt('bf')), now(), now(), now(), 
        '{"provider":"email","providers":["email"]}', 
        '{"full_name":"Dr. Bashayer Al-Khalid","role":"doctor"}', 
        'authenticated', 'authenticated'
    );
EXCEPTION WHEN unique_violation THEN NULL;
END $$;

DO $$
BEGIN
    INSERT INTO profiles (id, role, full_name_ar, full_name_en, city, created_at, updated_at)
    VALUES (
        '4aa13f1f-0c5e-4946-bbbe-ff021a5310f4', 'doctor', 'د. مها الخالد', 'Dr. Bashayer Al-Khalid', 'Dammam', now(), now()
    );
EXCEPTION WHEN unique_violation THEN NULL;
END $$;

DO $$
BEGIN
    INSERT INTO doctors (
        id, profile_id, scfhs_license, specialty, sub_specialties, hospital, 
        experience_years, consultation_price, rating, total_consultations, 
        status, profile_photo_url, bio_ar, bio_en, created_at, updated_at
    ) VALUES (
        '4b3c8726-38fd-49b6-a1be-8710d43ddf46', '4aa13f1f-0c5e-4946-bbbe-ff021a5310f4', '100004', 'OB/GYN', 
        ARRAY['Cosmetic Gynecology','Laser Therapy'], 'Habib Medical Group', 
        15, 250, 4.6, 510, 
        'approved', '/images/doctors/doctor_amira_fahad_1764849818816.png', 'استشارية النساء والولادة والتجميل النسائي. متخصصة في الإجراءات التجميلية والعلاجية بالليزر.', 'Consultant OB/GYN specializing in cosmetic gynecology and laser therapies.', now(), now()
    );
EXCEPTION WHEN unique_violation THEN NULL;
END $$;

INSERT INTO doctor_schedules (id, doctor_id, day_of_week, start_time, end_time, is_available)
VALUES
    (uuid_generate_v4(), '4b3c8726-38fd-49b6-a1be-8710d43ddf46', 1, '09:00', '17:00', true),
    (uuid_generate_v4(), '4b3c8726-38fd-49b6-a1be-8710d43ddf46', 2, '09:00', '17:00', true),
    (uuid_generate_v4(), '4b3c8726-38fd-49b6-a1be-8710d43ddf46', 3, '09:00', '14:00', true),
    (uuid_generate_v4(), '4b3c8726-38fd-49b6-a1be-8710d43ddf46', 4, '13:00', '21:00', true),
    (uuid_generate_v4(), '4b3c8726-38fd-49b6-a1be-8710d43ddf46', 0, '10:00', '16:00', true);

-- Doctor 6: Dr. Noura Al-Dossari
DO $$
BEGIN
    -- Cleanup existing user with this email to prevent ID mismatch
    DELETE FROM auth.users WHERE email = 'noura.al-dossari.105@marham.sa';
    
    INSERT INTO auth.users (
        id, instance_id, email, encrypted_password, email_confirmed_at, 
        created_at, updated_at, raw_app_meta_data, raw_user_meta_data, aud, role
    ) VALUES (
        '08eab787-6d9c-4cfb-8632-84d07778b56b', '00000000-0000-0000-0000-000000000000', 'noura.al-dossari.105@marham.sa', 
        crypt('password123', gen_salt('bf')), now(), now(), now(), 
        '{"provider":"email","providers":["email"]}', 
        '{"full_name":"Dr. Noura Al-Dossari","role":"doctor"}', 
        'authenticated', 'authenticated'
    );
EXCEPTION WHEN unique_violation THEN NULL;
END $$;

DO $$
BEGIN
    INSERT INTO profiles (id, role, full_name_ar, full_name_en, city, created_at, updated_at)
    VALUES (
        '08eab787-6d9c-4cfb-8632-84d07778b56b', 'doctor', 'د. دلال الدوسري', 'Dr. Noura Al-Dossari', 'Riyadh', now(), now()
    );
EXCEPTION WHEN unique_violation THEN NULL;
END $$;

DO $$
BEGIN
    INSERT INTO doctors (
        id, profile_id, scfhs_license, specialty, sub_specialties, hospital, 
        experience_years, consultation_price, rating, total_consultations, 
        status, profile_photo_url, bio_ar, bio_en, created_at, updated_at
    ) VALUES (
        '0d3bc634-f851-43e8-9512-b3f278227507', '08eab787-6d9c-4cfb-8632-84d07778b56b', '100005', 'OB/GYN', 
        ARRAY['Cosmetic Gynecology','Laser Therapy'], 'Habib Medical Group', 
        18, 400, 4.5, 544, 
        'approved', '/images/doctors/ai_doctor_grey.png', 'استشارية النساء والولادة والتجميل النسائي. متخصصة في الإجراءات التجميلية والعلاجية بالليزر.', 'Consultant OB/GYN specializing in cosmetic gynecology and laser therapies.', now(), now()
    );
EXCEPTION WHEN unique_violation THEN NULL;
END $$;

INSERT INTO doctor_schedules (id, doctor_id, day_of_week, start_time, end_time, is_available)
VALUES
    (uuid_generate_v4(), '0d3bc634-f851-43e8-9512-b3f278227507', 1, '09:00', '17:00', true),
    (uuid_generate_v4(), '0d3bc634-f851-43e8-9512-b3f278227507', 2, '09:00', '17:00', true),
    (uuid_generate_v4(), '0d3bc634-f851-43e8-9512-b3f278227507', 3, '09:00', '14:00', true),
    (uuid_generate_v4(), '0d3bc634-f851-43e8-9512-b3f278227507', 4, '13:00', '21:00', true),
    (uuid_generate_v4(), '0d3bc634-f851-43e8-9512-b3f278227507', 0, '10:00', '16:00', true);

-- Doctor 7: Dr. Tahani Al-Shehri
DO $$
BEGIN
    -- Cleanup existing user with this email to prevent ID mismatch
    DELETE FROM auth.users WHERE email = 'tahani.al-shehri.106@marham.sa';
    
    INSERT INTO auth.users (
        id, instance_id, email, encrypted_password, email_confirmed_at, 
        created_at, updated_at, raw_app_meta_data, raw_user_meta_data, aud, role
    ) VALUES (
        'a59d3990-68e7-429a-b4c6-f0a718788c0a', '00000000-0000-0000-0000-000000000000', 'tahani.al-shehri.106@marham.sa', 
        crypt('password123', gen_salt('bf')), now(), now(), now(), 
        '{"provider":"email","providers":["email"]}', 
        '{"full_name":"Dr. Tahani Al-Shehri","role":"doctor"}', 
        'authenticated', 'authenticated'
    );
EXCEPTION WHEN unique_violation THEN NULL;
END $$;

DO $$
BEGIN
    INSERT INTO profiles (id, role, full_name_ar, full_name_en, city, created_at, updated_at)
    VALUES (
        'a59d3990-68e7-429a-b4c6-f0a718788c0a', 'doctor', 'د. سمر الشهري', 'Dr. Tahani Al-Shehri', 'Khobar', now(), now()
    );
EXCEPTION WHEN unique_violation THEN NULL;
END $$;

DO $$
BEGIN
    INSERT INTO doctors (
        id, profile_id, scfhs_license, specialty, sub_specialties, hospital, 
        experience_years, consultation_price, rating, total_consultations, 
        status, profile_photo_url, bio_ar, bio_en, created_at, updated_at
    ) VALUES (
        'ebdfb977-d5a0-4d0a-8967-d5804fff1665', 'a59d3990-68e7-429a-b4c6-f0a718788c0a', '100006', 'OB/GYN', 
        ARRAY['Cosmetic Gynecology','Laser Therapy'], 'Habib Medical Group', 
        29, 150, 4.5, 324, 
        'approved', '/images/doctors/ai_doctor_blue.png', 'استشارية النساء والولادة والتجميل النسائي. متخصصة في الإجراءات التجميلية والعلاجية بالليزر.', 'Consultant OB/GYN specializing in cosmetic gynecology and laser therapies.', now(), now()
    );
EXCEPTION WHEN unique_violation THEN NULL;
END $$;

INSERT INTO doctor_schedules (id, doctor_id, day_of_week, start_time, end_time, is_available)
VALUES
    (uuid_generate_v4(), 'ebdfb977-d5a0-4d0a-8967-d5804fff1665', 1, '09:00', '17:00', true),
    (uuid_generate_v4(), 'ebdfb977-d5a0-4d0a-8967-d5804fff1665', 2, '09:00', '17:00', true),
    (uuid_generate_v4(), 'ebdfb977-d5a0-4d0a-8967-d5804fff1665', 3, '09:00', '14:00', true),
    (uuid_generate_v4(), 'ebdfb977-d5a0-4d0a-8967-d5804fff1665', 4, '13:00', '21:00', true),
    (uuid_generate_v4(), 'ebdfb977-d5a0-4d0a-8967-d5804fff1665', 0, '10:00', '16:00', true);

-- Doctor 8: Dr. Fatima Al-Enezi
DO $$
BEGIN
    -- Cleanup existing user with this email to prevent ID mismatch
    DELETE FROM auth.users WHERE email = 'fatima.al-enezi.107@marham.sa';
    
    INSERT INTO auth.users (
        id, instance_id, email, encrypted_password, email_confirmed_at, 
        created_at, updated_at, raw_app_meta_data, raw_user_meta_data, aud, role
    ) VALUES (
        'ad691502-1628-41e9-8054-96185fb23584', '00000000-0000-0000-0000-000000000000', 'fatima.al-enezi.107@marham.sa', 
        crypt('password123', gen_salt('bf')), now(), now(), now(), 
        '{"provider":"email","providers":["email"]}', 
        '{"full_name":"Dr. Fatima Al-Enezi","role":"doctor"}', 
        'authenticated', 'authenticated'
    );
EXCEPTION WHEN unique_violation THEN NULL;
END $$;

DO $$
BEGIN
    INSERT INTO profiles (id, role, full_name_ar, full_name_en, city, created_at, updated_at)
    VALUES (
        'ad691502-1628-41e9-8054-96185fb23584', 'doctor', 'د. ليلى العنزي', 'Dr. Fatima Al-Enezi', 'Medina', now(), now()
    );
EXCEPTION WHEN unique_violation THEN NULL;
END $$;

DO $$
BEGIN
    INSERT INTO doctors (
        id, profile_id, scfhs_license, specialty, sub_specialties, hospital, 
        experience_years, consultation_price, rating, total_consultations, 
        status, profile_photo_url, bio_ar, bio_en, created_at, updated_at
    ) VALUES (
        '7d5687c1-ad4b-47e5-912f-31c64ba341e3', 'ad691502-1628-41e9-8054-96185fb23584', '100007', 'OB/GYN', 
        ARRAY['Cosmetic Gynecology','Laser Therapy'], 'Kaya Skin Clinic', 
        9, 250, 5.0, 326, 
        'approved', '/images/doctors/ai_doctor_senior.png', 'استشارية النساء والولادة والتجميل النسائي. متخصصة في الإجراءات التجميلية والعلاجية بالليزر.', 'Consultant OB/GYN specializing in cosmetic gynecology and laser therapies.', now(), now()
    );
EXCEPTION WHEN unique_violation THEN NULL;
END $$;

INSERT INTO doctor_schedules (id, doctor_id, day_of_week, start_time, end_time, is_available)
VALUES
    (uuid_generate_v4(), '7d5687c1-ad4b-47e5-912f-31c64ba341e3', 1, '09:00', '17:00', true),
    (uuid_generate_v4(), '7d5687c1-ad4b-47e5-912f-31c64ba341e3', 2, '09:00', '17:00', true),
    (uuid_generate_v4(), '7d5687c1-ad4b-47e5-912f-31c64ba341e3', 3, '09:00', '14:00', true),
    (uuid_generate_v4(), '7d5687c1-ad4b-47e5-912f-31c64ba341e3', 4, '13:00', '21:00', true),
    (uuid_generate_v4(), '7d5687c1-ad4b-47e5-912f-31c64ba341e3', 0, '10:00', '16:00', true);

-- Doctor 9: Dr. Sara Al-Ali
DO $$
BEGIN
    -- Cleanup existing user with this email to prevent ID mismatch
    DELETE FROM auth.users WHERE email = 'sara.al-ali.108@marham.sa';
    
    INSERT INTO auth.users (
        id, instance_id, email, encrypted_password, email_confirmed_at, 
        created_at, updated_at, raw_app_meta_data, raw_user_meta_data, aud, role
    ) VALUES (
        'a3189f69-3565-4d8f-859b-82c6084d75a6', '00000000-0000-0000-0000-000000000000', 'sara.al-ali.108@marham.sa', 
        crypt('password123', gen_salt('bf')), now(), now(), now(), 
        '{"provider":"email","providers":["email"]}', 
        '{"full_name":"Dr. Sara Al-Ali","role":"doctor"}', 
        'authenticated', 'authenticated'
    );
EXCEPTION WHEN unique_violation THEN NULL;
END $$;

DO $$
BEGIN
    INSERT INTO profiles (id, role, full_name_ar, full_name_en, city, created_at, updated_at)
    VALUES (
        'a3189f69-3565-4d8f-859b-82c6084d75a6', 'doctor', 'د. هياء العلي', 'Dr. Sara Al-Ali', 'Medina', now(), now()
    );
EXCEPTION WHEN unique_violation THEN NULL;
END $$;

DO $$
BEGIN
    INSERT INTO doctors (
        id, profile_id, scfhs_license, specialty, sub_specialties, hospital, 
        experience_years, consultation_price, rating, total_consultations, 
        status, profile_photo_url, bio_ar, bio_en, created_at, updated_at
    ) VALUES (
        'a838f5db-8413-42cf-8f04-4853f7a218c0', 'a3189f69-3565-4d8f-859b-82c6084d75a6', '100008', 'Mental Health', 
        ARRAY['Women''s Psychiatry','Postpartum Depression','Anxiety'], 'Maudsley Health', 
        10, 300, 4.9, 156, 
        'approved', '/images/doctors/ai_doctor_beige.png', 'استشارية الطب النفسي، متخصصة في صحة المرأة النفسية، واكتئاب ما بعد الولادة والقلق.', 'Consultant Psychiatrist specializing in women''s mental health, postpartum depression, and anxiety.', now(), now()
    );
EXCEPTION WHEN unique_violation THEN NULL;
END $$;

INSERT INTO doctor_schedules (id, doctor_id, day_of_week, start_time, end_time, is_available)
VALUES
    (uuid_generate_v4(), 'a838f5db-8413-42cf-8f04-4853f7a218c0', 1, '09:00', '17:00', true),
    (uuid_generate_v4(), 'a838f5db-8413-42cf-8f04-4853f7a218c0', 2, '09:00', '17:00', true),
    (uuid_generate_v4(), 'a838f5db-8413-42cf-8f04-4853f7a218c0', 3, '09:00', '14:00', true),
    (uuid_generate_v4(), 'a838f5db-8413-42cf-8f04-4853f7a218c0', 4, '13:00', '21:00', true),
    (uuid_generate_v4(), 'a838f5db-8413-42cf-8f04-4853f7a218c0', 0, '10:00', '16:00', true);

-- Doctor 10: Dr. Maha Al-Zahrani
DO $$
BEGIN
    -- Cleanup existing user with this email to prevent ID mismatch
    DELETE FROM auth.users WHERE email = 'maha.al-zahrani.109@marham.sa';
    
    INSERT INTO auth.users (
        id, instance_id, email, encrypted_password, email_confirmed_at, 
        created_at, updated_at, raw_app_meta_data, raw_user_meta_data, aud, role
    ) VALUES (
        '2d8a8266-9b9e-4734-94c2-5a5f23538398', '00000000-0000-0000-0000-000000000000', 'maha.al-zahrani.109@marham.sa', 
        crypt('password123', gen_salt('bf')), now(), now(), now(), 
        '{"provider":"email","providers":["email"]}', 
        '{"full_name":"Dr. Maha Al-Zahrani","role":"doctor"}', 
        'authenticated', 'authenticated'
    );
EXCEPTION WHEN unique_violation THEN NULL;
END $$;

DO $$
BEGIN
    INSERT INTO profiles (id, role, full_name_ar, full_name_en, city, created_at, updated_at)
    VALUES (
        '2d8a8266-9b9e-4734-94c2-5a5f23538398', 'doctor', 'د. تهاني الزهراني', 'Dr. Maha Al-Zahrani', 'Medina', now(), now()
    );
EXCEPTION WHEN unique_violation THEN NULL;
END $$;

DO $$
BEGIN
    INSERT INTO doctors (
        id, profile_id, scfhs_license, specialty, sub_specialties, hospital, 
        experience_years, consultation_price, rating, total_consultations, 
        status, profile_photo_url, bio_ar, bio_en, created_at, updated_at
    ) VALUES (
        '6f96a6e7-7507-450f-b72b-80d8fb034fdc', '2d8a8266-9b9e-4734-94c2-5a5f23538398', '100009', 'Dermatology', 
        ARRAY['Cosmetic Dermatology','Laser','Anti-Aging'], 'Habib Medical Group', 
        26, 150, 4.4, 95, 
        'approved', '/images/doctors/doctor_noura_alrashid_1764849899936.png', 'استشارية جلدية وتجميل والليزر. متخصصة في الحقن التجميلي والعناية بالبشرة.', 'Consultant Dermatologist and Cosmetic Laser specialist. Expert in aesthetic injections and skin care.', now(), now()
    );
EXCEPTION WHEN unique_violation THEN NULL;
END $$;

INSERT INTO doctor_schedules (id, doctor_id, day_of_week, start_time, end_time, is_available)
VALUES
    (uuid_generate_v4(), '6f96a6e7-7507-450f-b72b-80d8fb034fdc', 1, '09:00', '17:00', true),
    (uuid_generate_v4(), '6f96a6e7-7507-450f-b72b-80d8fb034fdc', 2, '09:00', '17:00', true),
    (uuid_generate_v4(), '6f96a6e7-7507-450f-b72b-80d8fb034fdc', 3, '09:00', '14:00', true),
    (uuid_generate_v4(), '6f96a6e7-7507-450f-b72b-80d8fb034fdc', 4, '13:00', '21:00', true),
    (uuid_generate_v4(), '6f96a6e7-7507-450f-b72b-80d8fb034fdc', 0, '10:00', '16:00', true);

-- Doctor 11: Dr. Tahani Al-Khalid
DO $$
BEGIN
    -- Cleanup existing user with this email to prevent ID mismatch
    DELETE FROM auth.users WHERE email = 'tahani.al-khalid.110@marham.sa';
    
    INSERT INTO auth.users (
        id, instance_id, email, encrypted_password, email_confirmed_at, 
        created_at, updated_at, raw_app_meta_data, raw_user_meta_data, aud, role
    ) VALUES (
        '0cee67d4-5bf6-4b90-9437-c7798630a236', '00000000-0000-0000-0000-000000000000', 'tahani.al-khalid.110@marham.sa', 
        crypt('password123', gen_salt('bf')), now(), now(), now(), 
        '{"provider":"email","providers":["email"]}', 
        '{"full_name":"Dr. Tahani Al-Khalid","role":"doctor"}', 
        'authenticated', 'authenticated'
    );
EXCEPTION WHEN unique_violation THEN NULL;
END $$;

DO $$
BEGIN
    INSERT INTO profiles (id, role, full_name_ar, full_name_en, city, created_at, updated_at)
    VALUES (
        '0cee67d4-5bf6-4b90-9437-c7798630a236', 'doctor', 'د. جميلة الخالد', 'Dr. Tahani Al-Khalid', 'Dammam', now(), now()
    );
EXCEPTION WHEN unique_violation THEN NULL;
END $$;

DO $$
BEGIN
    INSERT INTO doctors (
        id, profile_id, scfhs_license, specialty, sub_specialties, hospital, 
        experience_years, consultation_price, rating, total_consultations, 
        status, profile_photo_url, bio_ar, bio_en, created_at, updated_at
    ) VALUES (
        '4cf13a67-4cab-474a-bd96-aa4a2284edaf', '0cee67d4-5bf6-4b90-9437-c7798630a236', '100010', 'OB/GYN', 
        ARRAY['Infertility & IVF','Pregnancy Follow-up','Fetal Medicine'], 'King Faisal Specialist Hospital', 
        5, 150, 4.6, 335, 
        'approved', '/images/doctors/doctor_sarah_ahmed_1764849887752.png', 'استشارية أمراض النساء والولادة وعلاج العقم. خبرة واسعة في متابعة الحمل عالي الخطورة وعمليات أطفال الأنابيب.', 'Consultant OB/GYN and Infertility specialist. Extensive experience in high-risk pregnancies and IVF procedures.', now(), now()
    );
EXCEPTION WHEN unique_violation THEN NULL;
END $$;

INSERT INTO doctor_schedules (id, doctor_id, day_of_week, start_time, end_time, is_available)
VALUES
    (uuid_generate_v4(), '4cf13a67-4cab-474a-bd96-aa4a2284edaf', 1, '09:00', '17:00', true),
    (uuid_generate_v4(), '4cf13a67-4cab-474a-bd96-aa4a2284edaf', 2, '09:00', '17:00', true),
    (uuid_generate_v4(), '4cf13a67-4cab-474a-bd96-aa4a2284edaf', 3, '09:00', '14:00', true),
    (uuid_generate_v4(), '4cf13a67-4cab-474a-bd96-aa4a2284edaf', 4, '13:00', '21:00', true),
    (uuid_generate_v4(), '4cf13a67-4cab-474a-bd96-aa4a2284edaf', 0, '10:00', '16:00', true);

-- Doctor 12: Dr. Haya Al-Zahrani
DO $$
BEGIN
    -- Cleanup existing user with this email to prevent ID mismatch
    DELETE FROM auth.users WHERE email = 'haya.al-zahrani.111@marham.sa';
    
    INSERT INTO auth.users (
        id, instance_id, email, encrypted_password, email_confirmed_at, 
        created_at, updated_at, raw_app_meta_data, raw_user_meta_data, aud, role
    ) VALUES (
        '9e5565f5-6309-4e68-894f-4935a06c18fa', '00000000-0000-0000-0000-000000000000', 'haya.al-zahrani.111@marham.sa', 
        crypt('password123', gen_salt('bf')), now(), now(), now(), 
        '{"provider":"email","providers":["email"]}', 
        '{"full_name":"Dr. Haya Al-Zahrani","role":"doctor"}', 
        'authenticated', 'authenticated'
    );
EXCEPTION WHEN unique_violation THEN NULL;
END $$;

DO $$
BEGIN
    INSERT INTO profiles (id, role, full_name_ar, full_name_en, city, created_at, updated_at)
    VALUES (
        '9e5565f5-6309-4e68-894f-4935a06c18fa', 'doctor', 'د. سمر الزهراني', 'Dr. Haya Al-Zahrani', 'Mecca', now(), now()
    );
EXCEPTION WHEN unique_violation THEN NULL;
END $$;

DO $$
BEGIN
    INSERT INTO doctors (
        id, profile_id, scfhs_license, specialty, sub_specialties, hospital, 
        experience_years, consultation_price, rating, total_consultations, 
        status, profile_photo_url, bio_ar, bio_en, created_at, updated_at
    ) VALUES (
        '6aa0be16-f44b-40ba-8796-b718dfeb38e8', '9e5565f5-6309-4e68-894f-4935a06c18fa', '100011', 'OB/GYN', 
        ARRAY['Cosmetic Gynecology','Laser Therapy'], 'Habib Medical Group', 
        10, 400, 4.6, 145, 
        'approved', '/images/doctors/doctor_leila_khalid_1764849830840.png', 'استشارية النساء والولادة والتجميل النسائي. متخصصة في الإجراءات التجميلية والعلاجية بالليزر.', 'Consultant OB/GYN specializing in cosmetic gynecology and laser therapies.', now(), now()
    );
EXCEPTION WHEN unique_violation THEN NULL;
END $$;

INSERT INTO doctor_schedules (id, doctor_id, day_of_week, start_time, end_time, is_available)
VALUES
    (uuid_generate_v4(), '6aa0be16-f44b-40ba-8796-b718dfeb38e8', 1, '09:00', '17:00', true),
    (uuid_generate_v4(), '6aa0be16-f44b-40ba-8796-b718dfeb38e8', 2, '09:00', '17:00', true),
    (uuid_generate_v4(), '6aa0be16-f44b-40ba-8796-b718dfeb38e8', 3, '09:00', '14:00', true),
    (uuid_generate_v4(), '6aa0be16-f44b-40ba-8796-b718dfeb38e8', 4, '13:00', '21:00', true),
    (uuid_generate_v4(), '6aa0be16-f44b-40ba-8796-b718dfeb38e8', 0, '10:00', '16:00', true);

-- Doctor 13: Dr. Amal Al-Otaibi
DO $$
BEGIN
    -- Cleanup existing user with this email to prevent ID mismatch
    DELETE FROM auth.users WHERE email = 'amal.al-otaibi.112@marham.sa';
    
    INSERT INTO auth.users (
        id, instance_id, email, encrypted_password, email_confirmed_at, 
        created_at, updated_at, raw_app_meta_data, raw_user_meta_data, aud, role
    ) VALUES (
        'c4c8135a-11a1-414e-adaf-0b1757c51b75', '00000000-0000-0000-0000-000000000000', 'amal.al-otaibi.112@marham.sa', 
        crypt('password123', gen_salt('bf')), now(), now(), now(), 
        '{"provider":"email","providers":["email"]}', 
        '{"full_name":"Dr. Amal Al-Otaibi","role":"doctor"}', 
        'authenticated', 'authenticated'
    );
EXCEPTION WHEN unique_violation THEN NULL;
END $$;

DO $$
BEGIN
    INSERT INTO profiles (id, role, full_name_ar, full_name_en, city, created_at, updated_at)
    VALUES (
        'c4c8135a-11a1-414e-adaf-0b1757c51b75', 'doctor', 'د. بشاير العتيبي', 'Dr. Amal Al-Otaibi', 'Medina', now(), now()
    );
EXCEPTION WHEN unique_violation THEN NULL;
END $$;

DO $$
BEGIN
    INSERT INTO doctors (
        id, profile_id, scfhs_license, specialty, sub_specialties, hospital, 
        experience_years, consultation_price, rating, total_consultations, 
        status, profile_photo_url, bio_ar, bio_en, created_at, updated_at
    ) VALUES (
        '5c84a0e6-0ad1-4d78-95bd-4a84549d77ed', 'c4c8135a-11a1-414e-adaf-0b1757c51b75', '100012', 'Family Medicine', 
        ARRAY['Women''s Health','Preventive Care'], 'Family Care Center', 
        12, 200, 4.8, 293, 
        'approved', '/images/doctors/doctor_fatima_ali_1764849767672.png', 'طبيبة أسرة متخصصة في صحة المرأة والفحوصات الوقائية الشاملة.', 'Family Medicine Consultant focusing on women''s health and comprehensive preventive care.', now(), now()
    );
EXCEPTION WHEN unique_violation THEN NULL;
END $$;

INSERT INTO doctor_schedules (id, doctor_id, day_of_week, start_time, end_time, is_available)
VALUES
    (uuid_generate_v4(), '5c84a0e6-0ad1-4d78-95bd-4a84549d77ed', 1, '09:00', '17:00', true),
    (uuid_generate_v4(), '5c84a0e6-0ad1-4d78-95bd-4a84549d77ed', 2, '09:00', '17:00', true),
    (uuid_generate_v4(), '5c84a0e6-0ad1-4d78-95bd-4a84549d77ed', 3, '09:00', '14:00', true),
    (uuid_generate_v4(), '5c84a0e6-0ad1-4d78-95bd-4a84549d77ed', 4, '13:00', '21:00', true),
    (uuid_generate_v4(), '5c84a0e6-0ad1-4d78-95bd-4a84549d77ed', 0, '10:00', '16:00', true);

-- Doctor 14: Dr. Maha Al-Shamrani
DO $$
BEGIN
    -- Cleanup existing user with this email to prevent ID mismatch
    DELETE FROM auth.users WHERE email = 'maha.al-shamrani.113@marham.sa';
    
    INSERT INTO auth.users (
        id, instance_id, email, encrypted_password, email_confirmed_at, 
        created_at, updated_at, raw_app_meta_data, raw_user_meta_data, aud, role
    ) VALUES (
        '811f11d5-e2f2-4cd2-9cec-fd8c5a27ea94', '00000000-0000-0000-0000-000000000000', 'maha.al-shamrani.113@marham.sa', 
        crypt('password123', gen_salt('bf')), now(), now(), now(), 
        '{"provider":"email","providers":["email"]}', 
        '{"full_name":"Dr. Maha Al-Shamrani","role":"doctor"}', 
        'authenticated', 'authenticated'
    );
EXCEPTION WHEN unique_violation THEN NULL;
END $$;

DO $$
BEGIN
    INSERT INTO profiles (id, role, full_name_ar, full_name_en, city, created_at, updated_at)
    VALUES (
        '811f11d5-e2f2-4cd2-9cec-fd8c5a27ea94', 'doctor', 'د. تهاني الشمراني', 'Dr. Maha Al-Shamrani', 'Medina', now(), now()
    );
EXCEPTION WHEN unique_violation THEN NULL;
END $$;

DO $$
BEGIN
    INSERT INTO doctors (
        id, profile_id, scfhs_license, specialty, sub_specialties, hospital, 
        experience_years, consultation_price, rating, total_consultations, 
        status, profile_photo_url, bio_ar, bio_en, created_at, updated_at
    ) VALUES (
        '0d0a4209-74ff-4e46-a3f7-558198780610', '811f11d5-e2f2-4cd2-9cec-fd8c5a27ea94', '100013', 'Family Medicine', 
        ARRAY['Women''s Health','Preventive Care'], 'Family Care Center', 
        11, 250, 5.0, 453, 
        'approved', '/images/doctors/doctor_amira_fahad_1764849818816.png', 'طبيبة أسرة متخصصة في صحة المرأة والفحوصات الوقائية الشاملة.', 'Family Medicine Consultant focusing on women''s health and comprehensive preventive care.', now(), now()
    );
EXCEPTION WHEN unique_violation THEN NULL;
END $$;

INSERT INTO doctor_schedules (id, doctor_id, day_of_week, start_time, end_time, is_available)
VALUES
    (uuid_generate_v4(), '0d0a4209-74ff-4e46-a3f7-558198780610', 1, '09:00', '17:00', true),
    (uuid_generate_v4(), '0d0a4209-74ff-4e46-a3f7-558198780610', 2, '09:00', '17:00', true),
    (uuid_generate_v4(), '0d0a4209-74ff-4e46-a3f7-558198780610', 3, '09:00', '14:00', true),
    (uuid_generate_v4(), '0d0a4209-74ff-4e46-a3f7-558198780610', 4, '13:00', '21:00', true),
    (uuid_generate_v4(), '0d0a4209-74ff-4e46-a3f7-558198780610', 0, '10:00', '16:00', true);

-- Doctor 15: Dr. Maha Al-Shamrani
DO $$
BEGIN
    -- Cleanup existing user with this email to prevent ID mismatch
    DELETE FROM auth.users WHERE email = 'maha.al-shamrani.114@marham.sa';
    
    INSERT INTO auth.users (
        id, instance_id, email, encrypted_password, email_confirmed_at, 
        created_at, updated_at, raw_app_meta_data, raw_user_meta_data, aud, role
    ) VALUES (
        '7fe113c7-198c-45c4-9089-2d07c4341667', '00000000-0000-0000-0000-000000000000', 'maha.al-shamrani.114@marham.sa', 
        crypt('password123', gen_salt('bf')), now(), now(), now(), 
        '{"provider":"email","providers":["email"]}', 
        '{"full_name":"Dr. Maha Al-Shamrani","role":"doctor"}', 
        'authenticated', 'authenticated'
    );
EXCEPTION WHEN unique_violation THEN NULL;
END $$;

DO $$
BEGIN
    INSERT INTO profiles (id, role, full_name_ar, full_name_en, city, created_at, updated_at)
    VALUES (
        '7fe113c7-198c-45c4-9089-2d07c4341667', 'doctor', 'د. سمر الشمراني', 'Dr. Maha Al-Shamrani', 'Riyadh', now(), now()
    );
EXCEPTION WHEN unique_violation THEN NULL;
END $$;

DO $$
BEGIN
    INSERT INTO doctors (
        id, profile_id, scfhs_license, specialty, sub_specialties, hospital, 
        experience_years, consultation_price, rating, total_consultations, 
        status, profile_photo_url, bio_ar, bio_en, created_at, updated_at
    ) VALUES (
        'a69a2ed7-389d-47c3-98db-0a55c13b8d4e', '7fe113c7-198c-45c4-9089-2d07c4341667', '100014', 'Mental Health', 
        ARRAY['Women''s Psychiatry','Postpartum Depression','Anxiety'], 'Mutmaena Center', 
        6, 450, 4.8, 481, 
        'approved', '/images/doctors/ai_doctor_grey.png', 'استشارية الطب النفسي، متخصصة في صحة المرأة النفسية، واكتئاب ما بعد الولادة والقلق.', 'Consultant Psychiatrist specializing in women''s mental health, postpartum depression, and anxiety.', now(), now()
    );
EXCEPTION WHEN unique_violation THEN NULL;
END $$;

INSERT INTO doctor_schedules (id, doctor_id, day_of_week, start_time, end_time, is_available)
VALUES
    (uuid_generate_v4(), 'a69a2ed7-389d-47c3-98db-0a55c13b8d4e', 1, '09:00', '17:00', true),
    (uuid_generate_v4(), 'a69a2ed7-389d-47c3-98db-0a55c13b8d4e', 2, '09:00', '17:00', true),
    (uuid_generate_v4(), 'a69a2ed7-389d-47c3-98db-0a55c13b8d4e', 3, '09:00', '14:00', true),
    (uuid_generate_v4(), 'a69a2ed7-389d-47c3-98db-0a55c13b8d4e', 4, '13:00', '21:00', true),
    (uuid_generate_v4(), 'a69a2ed7-389d-47c3-98db-0a55c13b8d4e', 0, '10:00', '16:00', true);

-- Doctor 16: Dr. Jamila Al-Salem
DO $$
BEGIN
    -- Cleanup existing user with this email to prevent ID mismatch
    DELETE FROM auth.users WHERE email = 'jamila.al-salem.115@marham.sa';
    
    INSERT INTO auth.users (
        id, instance_id, email, encrypted_password, email_confirmed_at, 
        created_at, updated_at, raw_app_meta_data, raw_user_meta_data, aud, role
    ) VALUES (
        '8c482bf9-22de-4235-9377-58bf97a83394', '00000000-0000-0000-0000-000000000000', 'jamila.al-salem.115@marham.sa', 
        crypt('password123', gen_salt('bf')), now(), now(), now(), 
        '{"provider":"email","providers":["email"]}', 
        '{"full_name":"Dr. Jamila Al-Salem","role":"doctor"}', 
        'authenticated', 'authenticated'
    );
EXCEPTION WHEN unique_violation THEN NULL;
END $$;

DO $$
BEGIN
    INSERT INTO profiles (id, role, full_name_ar, full_name_en, city, created_at, updated_at)
    VALUES (
        '8c482bf9-22de-4235-9377-58bf97a83394', 'doctor', 'د. حصة السالم', 'Dr. Jamila Al-Salem', 'Medina', now(), now()
    );
EXCEPTION WHEN unique_violation THEN NULL;
END $$;

DO $$
BEGIN
    INSERT INTO doctors (
        id, profile_id, scfhs_license, specialty, sub_specialties, hospital, 
        experience_years, consultation_price, rating, total_consultations, 
        status, profile_photo_url, bio_ar, bio_en, created_at, updated_at
    ) VALUES (
        'e229f76d-156e-4c30-b708-047ae341093a', '8c482bf9-22de-4235-9377-58bf97a83394', '100015', 'Dermatology', 
        ARRAY['Cosmetic Dermatology','Laser','Anti-Aging'], 'Habib Medical Group', 
        9, 450, 4.9, 514, 
        'approved', '/images/doctors/ai_doctor_blue.png', 'استشارية جلدية وتجميل والليزر. متخصصة في الحقن التجميلي والعناية بالبشرة.', 'Consultant Dermatologist and Cosmetic Laser specialist. Expert in aesthetic injections and skin care.', now(), now()
    );
EXCEPTION WHEN unique_violation THEN NULL;
END $$;

INSERT INTO doctor_schedules (id, doctor_id, day_of_week, start_time, end_time, is_available)
VALUES
    (uuid_generate_v4(), 'e229f76d-156e-4c30-b708-047ae341093a', 1, '09:00', '17:00', true),
    (uuid_generate_v4(), 'e229f76d-156e-4c30-b708-047ae341093a', 2, '09:00', '17:00', true),
    (uuid_generate_v4(), 'e229f76d-156e-4c30-b708-047ae341093a', 3, '09:00', '14:00', true),
    (uuid_generate_v4(), 'e229f76d-156e-4c30-b708-047ae341093a', 4, '13:00', '21:00', true),
    (uuid_generate_v4(), 'e229f76d-156e-4c30-b708-047ae341093a', 0, '10:00', '16:00', true);

-- Doctor 17: Dr. Samar Al-Hamad
DO $$
BEGIN
    -- Cleanup existing user with this email to prevent ID mismatch
    DELETE FROM auth.users WHERE email = 'samar.al-hamad.116@marham.sa';
    
    INSERT INTO auth.users (
        id, instance_id, email, encrypted_password, email_confirmed_at, 
        created_at, updated_at, raw_app_meta_data, raw_user_meta_data, aud, role
    ) VALUES (
        '95d5dae1-aee9-47b5-a6cd-c746a37e731f', '00000000-0000-0000-0000-000000000000', 'samar.al-hamad.116@marham.sa', 
        crypt('password123', gen_salt('bf')), now(), now(), now(), 
        '{"provider":"email","providers":["email"]}', 
        '{"full_name":"Dr. Samar Al-Hamad","role":"doctor"}', 
        'authenticated', 'authenticated'
    );
EXCEPTION WHEN unique_violation THEN NULL;
END $$;

DO $$
BEGIN
    INSERT INTO profiles (id, role, full_name_ar, full_name_en, city, created_at, updated_at)
    VALUES (
        '95d5dae1-aee9-47b5-a6cd-c746a37e731f', 'doctor', 'د. جميلة الحمد', 'Dr. Samar Al-Hamad', 'Riyadh', now(), now()
    );
EXCEPTION WHEN unique_violation THEN NULL;
END $$;

DO $$
BEGIN
    INSERT INTO doctors (
        id, profile_id, scfhs_license, specialty, sub_specialties, hospital, 
        experience_years, consultation_price, rating, total_consultations, 
        status, profile_photo_url, bio_ar, bio_en, created_at, updated_at
    ) VALUES (
        '7a2826c0-449f-4c82-a07c-e377c2644635', '95d5dae1-aee9-47b5-a6cd-c746a37e731f', '100016', 'Breast Surgery', 
        ARRAY['Breast Oncology','Reconstructive Surgery'], 'King Fahad Medical City', 
        10, 200, 4.2, 331, 
        'approved', '/images/doctors/ai_doctor_senior.png', 'استشارية جراحة أورام الثدي والجراحة الترميمية. الكشف المبكر والعلاج الجراحي.', 'Consultant Breast Surgeon specializing in oncology and reconstructive surgery.', now(), now()
    );
EXCEPTION WHEN unique_violation THEN NULL;
END $$;

INSERT INTO doctor_schedules (id, doctor_id, day_of_week, start_time, end_time, is_available)
VALUES
    (uuid_generate_v4(), '7a2826c0-449f-4c82-a07c-e377c2644635', 1, '09:00', '17:00', true),
    (uuid_generate_v4(), '7a2826c0-449f-4c82-a07c-e377c2644635', 2, '09:00', '17:00', true),
    (uuid_generate_v4(), '7a2826c0-449f-4c82-a07c-e377c2644635', 3, '09:00', '14:00', true),
    (uuid_generate_v4(), '7a2826c0-449f-4c82-a07c-e377c2644635', 4, '13:00', '21:00', true),
    (uuid_generate_v4(), '7a2826c0-449f-4c82-a07c-e377c2644635', 0, '10:00', '16:00', true);

-- Doctor 18: Dr. Reem Al-Omari
DO $$
BEGIN
    -- Cleanup existing user with this email to prevent ID mismatch
    DELETE FROM auth.users WHERE email = 'reem.al-omari.117@marham.sa';
    
    INSERT INTO auth.users (
        id, instance_id, email, encrypted_password, email_confirmed_at, 
        created_at, updated_at, raw_app_meta_data, raw_user_meta_data, aud, role
    ) VALUES (
        'e2cf14d6-0bb5-4a4c-a76c-5aa30287a713', '00000000-0000-0000-0000-000000000000', 'reem.al-omari.117@marham.sa', 
        crypt('password123', gen_salt('bf')), now(), now(), now(), 
        '{"provider":"email","providers":["email"]}', 
        '{"full_name":"Dr. Reem Al-Omari","role":"doctor"}', 
        'authenticated', 'authenticated'
    );
EXCEPTION WHEN unique_violation THEN NULL;
END $$;

DO $$
BEGIN
    INSERT INTO profiles (id, role, full_name_ar, full_name_en, city, created_at, updated_at)
    VALUES (
        'e2cf14d6-0bb5-4a4c-a76c-5aa30287a713', 'doctor', 'د. جميلة العمري', 'Dr. Reem Al-Omari', 'Khobar', now(), now()
    );
EXCEPTION WHEN unique_violation THEN NULL;
END $$;

DO $$
BEGIN
    INSERT INTO doctors (
        id, profile_id, scfhs_license, specialty, sub_specialties, hospital, 
        experience_years, consultation_price, rating, total_consultations, 
        status, profile_photo_url, bio_ar, bio_en, created_at, updated_at
    ) VALUES (
        '259da5b2-02f1-4ec5-ac4c-95f19ca4d8fe', 'e2cf14d6-0bb5-4a4c-a76c-5aa30287a713', '100017', 'OB/GYN', 
        ARRAY['Cosmetic Gynecology','Laser Therapy'], 'Habib Medical Group', 
        6, 150, 4.6, 266, 
        'approved', '/images/doctors/ai_doctor_beige.png', 'استشارية النساء والولادة والتجميل النسائي. متخصصة في الإجراءات التجميلية والعلاجية بالليزر.', 'Consultant OB/GYN specializing in cosmetic gynecology and laser therapies.', now(), now()
    );
EXCEPTION WHEN unique_violation THEN NULL;
END $$;

INSERT INTO doctor_schedules (id, doctor_id, day_of_week, start_time, end_time, is_available)
VALUES
    (uuid_generate_v4(), '259da5b2-02f1-4ec5-ac4c-95f19ca4d8fe', 1, '09:00', '17:00', true),
    (uuid_generate_v4(), '259da5b2-02f1-4ec5-ac4c-95f19ca4d8fe', 2, '09:00', '17:00', true),
    (uuid_generate_v4(), '259da5b2-02f1-4ec5-ac4c-95f19ca4d8fe', 3, '09:00', '14:00', true),
    (uuid_generate_v4(), '259da5b2-02f1-4ec5-ac4c-95f19ca4d8fe', 4, '13:00', '21:00', true),
    (uuid_generate_v4(), '259da5b2-02f1-4ec5-ac4c-95f19ca4d8fe', 0, '10:00', '16:00', true);

-- Doctor 19: Dr. Kholoud Al-Ali
DO $$
BEGIN
    -- Cleanup existing user with this email to prevent ID mismatch
    DELETE FROM auth.users WHERE email = 'kholoud.al-ali.118@marham.sa';
    
    INSERT INTO auth.users (
        id, instance_id, email, encrypted_password, email_confirmed_at, 
        created_at, updated_at, raw_app_meta_data, raw_user_meta_data, aud, role
    ) VALUES (
        '75fe0070-3652-4ea0-aba4-3e4bc6815f81', '00000000-0000-0000-0000-000000000000', 'kholoud.al-ali.118@marham.sa', 
        crypt('password123', gen_salt('bf')), now(), now(), now(), 
        '{"provider":"email","providers":["email"]}', 
        '{"full_name":"Dr. Kholoud Al-Ali","role":"doctor"}', 
        'authenticated', 'authenticated'
    );
EXCEPTION WHEN unique_violation THEN NULL;
END $$;

DO $$
BEGIN
    INSERT INTO profiles (id, role, full_name_ar, full_name_en, city, created_at, updated_at)
    VALUES (
        '75fe0070-3652-4ea0-aba4-3e4bc6815f81', 'doctor', 'د. أمل العلي', 'Dr. Kholoud Al-Ali', 'Jeddah', now(), now()
    );
EXCEPTION WHEN unique_violation THEN NULL;
END $$;

DO $$
BEGIN
    INSERT INTO doctors (
        id, profile_id, scfhs_license, specialty, sub_specialties, hospital, 
        experience_years, consultation_price, rating, total_consultations, 
        status, profile_photo_url, bio_ar, bio_en, created_at, updated_at
    ) VALUES (
        '3f143a98-2fe5-42eb-aaa8-91f0be0526b5', '75fe0070-3652-4ea0-aba4-3e4bc6815f81', '100018', 'Family Medicine', 
        ARRAY['Women''s Health','Preventive Care'], 'Family Care Center', 
        19, 300, 4.9, 101, 
        'approved', '/images/doctors/doctor_noura_alrashid_1764849899936.png', 'طبيبة أسرة متخصصة في صحة المرأة والفحوصات الوقائية الشاملة.', 'Family Medicine Consultant focusing on women''s health and comprehensive preventive care.', now(), now()
    );
EXCEPTION WHEN unique_violation THEN NULL;
END $$;

INSERT INTO doctor_schedules (id, doctor_id, day_of_week, start_time, end_time, is_available)
VALUES
    (uuid_generate_v4(), '3f143a98-2fe5-42eb-aaa8-91f0be0526b5', 1, '09:00', '17:00', true),
    (uuid_generate_v4(), '3f143a98-2fe5-42eb-aaa8-91f0be0526b5', 2, '09:00', '17:00', true),
    (uuid_generate_v4(), '3f143a98-2fe5-42eb-aaa8-91f0be0526b5', 3, '09:00', '14:00', true),
    (uuid_generate_v4(), '3f143a98-2fe5-42eb-aaa8-91f0be0526b5', 4, '13:00', '21:00', true),
    (uuid_generate_v4(), '3f143a98-2fe5-42eb-aaa8-91f0be0526b5', 0, '10:00', '16:00', true);

-- Doctor 20: Dr. Maha Al-Sulaiman
DO $$
BEGIN
    -- Cleanup existing user with this email to prevent ID mismatch
    DELETE FROM auth.users WHERE email = 'maha.al-sulaiman.119@marham.sa';
    
    INSERT INTO auth.users (
        id, instance_id, email, encrypted_password, email_confirmed_at, 
        created_at, updated_at, raw_app_meta_data, raw_user_meta_data, aud, role
    ) VALUES (
        'ae6c1cd8-380a-485e-9696-515b7d02624a', '00000000-0000-0000-0000-000000000000', 'maha.al-sulaiman.119@marham.sa', 
        crypt('password123', gen_salt('bf')), now(), now(), now(), 
        '{"provider":"email","providers":["email"]}', 
        '{"full_name":"Dr. Maha Al-Sulaiman","role":"doctor"}', 
        'authenticated', 'authenticated'
    );
EXCEPTION WHEN unique_violation THEN NULL;
END $$;

DO $$
BEGIN
    INSERT INTO profiles (id, role, full_name_ar, full_name_en, city, created_at, updated_at)
    VALUES (
        'ae6c1cd8-380a-485e-9696-515b7d02624a', 'doctor', 'د. ريم السليمان', 'Dr. Maha Al-Sulaiman', 'Riyadh', now(), now()
    );
EXCEPTION WHEN unique_violation THEN NULL;
END $$;

DO $$
BEGIN
    INSERT INTO doctors (
        id, profile_id, scfhs_license, specialty, sub_specialties, hospital, 
        experience_years, consultation_price, rating, total_consultations, 
        status, profile_photo_url, bio_ar, bio_en, created_at, updated_at
    ) VALUES (
        '2b6442de-504c-4f6e-9055-0bdb6a660d7a', 'ae6c1cd8-380a-485e-9696-515b7d02624a', '100019', 'Breast Surgery', 
        ARRAY['Breast Oncology','Reconstructive Surgery'], 'King Faisal Specialist Hospital', 
        19, 400, 4.9, 398, 
        'approved', '/images/doctors/doctor_sarah_ahmed_1764849887752.png', 'استشارية جراحة أورام الثدي والجراحة الترميمية. الكشف المبكر والعلاج الجراحي.', 'Consultant Breast Surgeon specializing in oncology and reconstructive surgery.', now(), now()
    );
EXCEPTION WHEN unique_violation THEN NULL;
END $$;

INSERT INTO doctor_schedules (id, doctor_id, day_of_week, start_time, end_time, is_available)
VALUES
    (uuid_generate_v4(), '2b6442de-504c-4f6e-9055-0bdb6a660d7a', 1, '09:00', '17:00', true),
    (uuid_generate_v4(), '2b6442de-504c-4f6e-9055-0bdb6a660d7a', 2, '09:00', '17:00', true),
    (uuid_generate_v4(), '2b6442de-504c-4f6e-9055-0bdb6a660d7a', 3, '09:00', '14:00', true),
    (uuid_generate_v4(), '2b6442de-504c-4f6e-9055-0bdb6a660d7a', 4, '13:00', '21:00', true),
    (uuid_generate_v4(), '2b6442de-504c-4f6e-9055-0bdb6a660d7a', 0, '10:00', '16:00', true);

-- Doctor 21: Dr. Aisha Al-Shehri
DO $$
BEGIN
    -- Cleanup existing user with this email to prevent ID mismatch
    DELETE FROM auth.users WHERE email = 'aisha.al-shehri.120@marham.sa';
    
    INSERT INTO auth.users (
        id, instance_id, email, encrypted_password, email_confirmed_at, 
        created_at, updated_at, raw_app_meta_data, raw_user_meta_data, aud, role
    ) VALUES (
        '1b344e33-4796-43cc-a1dd-0bb4e7039e0c', '00000000-0000-0000-0000-000000000000', 'aisha.al-shehri.120@marham.sa', 
        crypt('password123', gen_salt('bf')), now(), now(), now(), 
        '{"provider":"email","providers":["email"]}', 
        '{"full_name":"Dr. Aisha Al-Shehri","role":"doctor"}', 
        'authenticated', 'authenticated'
    );
EXCEPTION WHEN unique_violation THEN NULL;
END $$;

DO $$
BEGIN
    INSERT INTO profiles (id, role, full_name_ar, full_name_en, city, created_at, updated_at)
    VALUES (
        '1b344e33-4796-43cc-a1dd-0bb4e7039e0c', 'doctor', 'د. خلود الشهري', 'Dr. Aisha Al-Shehri', 'Dammam', now(), now()
    );
EXCEPTION WHEN unique_violation THEN NULL;
END $$;

DO $$
BEGIN
    INSERT INTO doctors (
        id, profile_id, scfhs_license, specialty, sub_specialties, hospital, 
        experience_years, consultation_price, rating, total_consultations, 
        status, profile_photo_url, bio_ar, bio_en, created_at, updated_at
    ) VALUES (
        'b64ce44d-f8ec-4320-addb-a4455e502ea6', '1b344e33-4796-43cc-a1dd-0bb4e7039e0c', '100020', 'Breast Surgery', 
        ARRAY['Breast Oncology','Reconstructive Surgery'], 'King Fahad Medical City', 
        19, 500, 4.6, 269, 
        'approved', '/images/doctors/doctor_leila_khalid_1764849830840.png', 'استشارية جراحة أورام الثدي والجراحة الترميمية. الكشف المبكر والعلاج الجراحي.', 'Consultant Breast Surgeon specializing in oncology and reconstructive surgery.', now(), now()
    );
EXCEPTION WHEN unique_violation THEN NULL;
END $$;

INSERT INTO doctor_schedules (id, doctor_id, day_of_week, start_time, end_time, is_available)
VALUES
    (uuid_generate_v4(), 'b64ce44d-f8ec-4320-addb-a4455e502ea6', 1, '09:00', '17:00', true),
    (uuid_generate_v4(), 'b64ce44d-f8ec-4320-addb-a4455e502ea6', 2, '09:00', '17:00', true),
    (uuid_generate_v4(), 'b64ce44d-f8ec-4320-addb-a4455e502ea6', 3, '09:00', '14:00', true),
    (uuid_generate_v4(), 'b64ce44d-f8ec-4320-addb-a4455e502ea6', 4, '13:00', '21:00', true),
    (uuid_generate_v4(), 'b64ce44d-f8ec-4320-addb-a4455e502ea6', 0, '10:00', '16:00', true);

-- Doctor 22: Dr. Hessa Al-Ghamdi
DO $$
BEGIN
    -- Cleanup existing user with this email to prevent ID mismatch
    DELETE FROM auth.users WHERE email = 'hessa.al-ghamdi.121@marham.sa';
    
    INSERT INTO auth.users (
        id, instance_id, email, encrypted_password, email_confirmed_at, 
        created_at, updated_at, raw_app_meta_data, raw_user_meta_data, aud, role
    ) VALUES (
        '8e45651b-86cd-4214-bddb-0bfdfb1c1033', '00000000-0000-0000-0000-000000000000', 'hessa.al-ghamdi.121@marham.sa', 
        crypt('password123', gen_salt('bf')), now(), now(), now(), 
        '{"provider":"email","providers":["email"]}', 
        '{"full_name":"Dr. Hessa Al-Ghamdi","role":"doctor"}', 
        'authenticated', 'authenticated'
    );
EXCEPTION WHEN unique_violation THEN NULL;
END $$;

DO $$
BEGIN
    INSERT INTO profiles (id, role, full_name_ar, full_name_en, city, created_at, updated_at)
    VALUES (
        '8e45651b-86cd-4214-bddb-0bfdfb1c1033', 'doctor', 'د. فاطمة الغامدي', 'Dr. Hessa Al-Ghamdi', 'Jeddah', now(), now()
    );
EXCEPTION WHEN unique_violation THEN NULL;
END $$;

DO $$
BEGIN
    INSERT INTO doctors (
        id, profile_id, scfhs_license, specialty, sub_specialties, hospital, 
        experience_years, consultation_price, rating, total_consultations, 
        status, profile_photo_url, bio_ar, bio_en, created_at, updated_at
    ) VALUES (
        '6e76611a-2fe4-4bb0-a9e1-647ba3b366ce', '8e45651b-86cd-4214-bddb-0bfdfb1c1033', '100021', 'Mental Health', 
        ARRAY['Women''s Psychiatry','Postpartum Depression','Anxiety'], 'Maudsley Health', 
        19, 200, 4.7, 226, 
        'approved', '/images/doctors/doctor_fatima_ali_1764849767672.png', 'استشارية الطب النفسي، متخصصة في صحة المرأة النفسية، واكتئاب ما بعد الولادة والقلق.', 'Consultant Psychiatrist specializing in women''s mental health, postpartum depression, and anxiety.', now(), now()
    );
EXCEPTION WHEN unique_violation THEN NULL;
END $$;

INSERT INTO doctor_schedules (id, doctor_id, day_of_week, start_time, end_time, is_available)
VALUES
    (uuid_generate_v4(), '6e76611a-2fe4-4bb0-a9e1-647ba3b366ce', 1, '09:00', '17:00', true),
    (uuid_generate_v4(), '6e76611a-2fe4-4bb0-a9e1-647ba3b366ce', 2, '09:00', '17:00', true),
    (uuid_generate_v4(), '6e76611a-2fe4-4bb0-a9e1-647ba3b366ce', 3, '09:00', '14:00', true),
    (uuid_generate_v4(), '6e76611a-2fe4-4bb0-a9e1-647ba3b366ce', 4, '13:00', '21:00', true),
    (uuid_generate_v4(), '6e76611a-2fe4-4bb0-a9e1-647ba3b366ce', 0, '10:00', '16:00', true);

-- Doctor 23: Dr. Maha Al-Qahtani
DO $$
BEGIN
    -- Cleanup existing user with this email to prevent ID mismatch
    DELETE FROM auth.users WHERE email = 'maha.al-qahtani.122@marham.sa';
    
    INSERT INTO auth.users (
        id, instance_id, email, encrypted_password, email_confirmed_at, 
        created_at, updated_at, raw_app_meta_data, raw_user_meta_data, aud, role
    ) VALUES (
        '043930b3-2dc7-409c-a8f5-64320cc6aec8', '00000000-0000-0000-0000-000000000000', 'maha.al-qahtani.122@marham.sa', 
        crypt('password123', gen_salt('bf')), now(), now(), now(), 
        '{"provider":"email","providers":["email"]}', 
        '{"full_name":"Dr. Maha Al-Qahtani","role":"doctor"}', 
        'authenticated', 'authenticated'
    );
EXCEPTION WHEN unique_violation THEN NULL;
END $$;

DO $$
BEGIN
    INSERT INTO profiles (id, role, full_name_ar, full_name_en, city, created_at, updated_at)
    VALUES (
        '043930b3-2dc7-409c-a8f5-64320cc6aec8', 'doctor', 'د. حصة القحطاني', 'Dr. Maha Al-Qahtani', 'Medina', now(), now()
    );
EXCEPTION WHEN unique_violation THEN NULL;
END $$;

DO $$
BEGIN
    INSERT INTO doctors (
        id, profile_id, scfhs_license, specialty, sub_specialties, hospital, 
        experience_years, consultation_price, rating, total_consultations, 
        status, profile_photo_url, bio_ar, bio_en, created_at, updated_at
    ) VALUES (
        '3f31e65f-0230-441c-823b-97ca915e179b', '043930b3-2dc7-409c-a8f5-64320cc6aec8', '100022', 'OB/GYN', 
        ARRAY['Infertility & IVF','Pregnancy Follow-up','Fetal Medicine'], 'King Faisal Specialist Hospital', 
        18, 150, 4.4, 156, 
        'approved', '/images/doctors/doctor_amira_fahad_1764849818816.png', 'استشارية أمراض النساء والولادة وعلاج العقم. خبرة واسعة في متابعة الحمل عالي الخطورة وعمليات أطفال الأنابيب.', 'Consultant OB/GYN and Infertility specialist. Extensive experience in high-risk pregnancies and IVF procedures.', now(), now()
    );
EXCEPTION WHEN unique_violation THEN NULL;
END $$;

INSERT INTO doctor_schedules (id, doctor_id, day_of_week, start_time, end_time, is_available)
VALUES
    (uuid_generate_v4(), '3f31e65f-0230-441c-823b-97ca915e179b', 1, '09:00', '17:00', true),
    (uuid_generate_v4(), '3f31e65f-0230-441c-823b-97ca915e179b', 2, '09:00', '17:00', true),
    (uuid_generate_v4(), '3f31e65f-0230-441c-823b-97ca915e179b', 3, '09:00', '14:00', true),
    (uuid_generate_v4(), '3f31e65f-0230-441c-823b-97ca915e179b', 4, '13:00', '21:00', true),
    (uuid_generate_v4(), '3f31e65f-0230-441c-823b-97ca915e179b', 0, '10:00', '16:00', true);

-- Doctor 24: Dr. Asma Al-Hamad
DO $$
BEGIN
    -- Cleanup existing user with this email to prevent ID mismatch
    DELETE FROM auth.users WHERE email = 'asma.al-hamad.123@marham.sa';
    
    INSERT INTO auth.users (
        id, instance_id, email, encrypted_password, email_confirmed_at, 
        created_at, updated_at, raw_app_meta_data, raw_user_meta_data, aud, role
    ) VALUES (
        'd33ebcf5-003d-48ea-82d8-17c143d3ef63', '00000000-0000-0000-0000-000000000000', 'asma.al-hamad.123@marham.sa', 
        crypt('password123', gen_salt('bf')), now(), now(), now(), 
        '{"provider":"email","providers":["email"]}', 
        '{"full_name":"Dr. Asma Al-Hamad","role":"doctor"}', 
        'authenticated', 'authenticated'
    );
EXCEPTION WHEN unique_violation THEN NULL;
END $$;

DO $$
BEGIN
    INSERT INTO profiles (id, role, full_name_ar, full_name_en, city, created_at, updated_at)
    VALUES (
        'd33ebcf5-003d-48ea-82d8-17c143d3ef63', 'doctor', 'د. جميلة الحمد', 'Dr. Asma Al-Hamad', 'Riyadh', now(), now()
    );
EXCEPTION WHEN unique_violation THEN NULL;
END $$;

DO $$
BEGIN
    INSERT INTO doctors (
        id, profile_id, scfhs_license, specialty, sub_specialties, hospital, 
        experience_years, consultation_price, rating, total_consultations, 
        status, profile_photo_url, bio_ar, bio_en, created_at, updated_at
    ) VALUES (
        '5117cf41-8b39-4172-ac64-5e5bd747cc8f', 'd33ebcf5-003d-48ea-82d8-17c143d3ef63', '100023', 'Family Medicine', 
        ARRAY['Women''s Health','Preventive Care'], 'Family Care Center', 
        14, 300, 4.6, 176, 
        'approved', '/images/doctors/ai_doctor_grey.png', 'طبيبة أسرة متخصصة في صحة المرأة والفحوصات الوقائية الشاملة.', 'Family Medicine Consultant focusing on women''s health and comprehensive preventive care.', now(), now()
    );
EXCEPTION WHEN unique_violation THEN NULL;
END $$;

INSERT INTO doctor_schedules (id, doctor_id, day_of_week, start_time, end_time, is_available)
VALUES
    (uuid_generate_v4(), '5117cf41-8b39-4172-ac64-5e5bd747cc8f', 1, '09:00', '17:00', true),
    (uuid_generate_v4(), '5117cf41-8b39-4172-ac64-5e5bd747cc8f', 2, '09:00', '17:00', true),
    (uuid_generate_v4(), '5117cf41-8b39-4172-ac64-5e5bd747cc8f', 3, '09:00', '14:00', true),
    (uuid_generate_v4(), '5117cf41-8b39-4172-ac64-5e5bd747cc8f', 4, '13:00', '21:00', true),
    (uuid_generate_v4(), '5117cf41-8b39-4172-ac64-5e5bd747cc8f', 0, '10:00', '16:00', true);

-- Doctor 25: Dr. Munira Al-Qahtani
DO $$
BEGIN
    -- Cleanup existing user with this email to prevent ID mismatch
    DELETE FROM auth.users WHERE email = 'munira.al-qahtani.124@marham.sa';
    
    INSERT INTO auth.users (
        id, instance_id, email, encrypted_password, email_confirmed_at, 
        created_at, updated_at, raw_app_meta_data, raw_user_meta_data, aud, role
    ) VALUES (
        '9da3d892-ca70-4f9b-890c-e0a8cdbc454a', '00000000-0000-0000-0000-000000000000', 'munira.al-qahtani.124@marham.sa', 
        crypt('password123', gen_salt('bf')), now(), now(), now(), 
        '{"provider":"email","providers":["email"]}', 
        '{"full_name":"Dr. Munira Al-Qahtani","role":"doctor"}', 
        'authenticated', 'authenticated'
    );
EXCEPTION WHEN unique_violation THEN NULL;
END $$;

DO $$
BEGIN
    INSERT INTO profiles (id, role, full_name_ar, full_name_en, city, created_at, updated_at)
    VALUES (
        '9da3d892-ca70-4f9b-890c-e0a8cdbc454a', 'doctor', 'د. مها القحطاني', 'Dr. Munira Al-Qahtani', 'Medina', now(), now()
    );
EXCEPTION WHEN unique_violation THEN NULL;
END $$;

DO $$
BEGIN
    INSERT INTO doctors (
        id, profile_id, scfhs_license, specialty, sub_specialties, hospital, 
        experience_years, consultation_price, rating, total_consultations, 
        status, profile_photo_url, bio_ar, bio_en, created_at, updated_at
    ) VALUES (
        'ab1ec80e-e6d3-4df9-bfe3-ba4c9ba1917e', '9da3d892-ca70-4f9b-890c-e0a8cdbc454a', '100024', 'OB/GYN', 
        ARRAY['Infertility & IVF','Pregnancy Follow-up','Fetal Medicine'], 'Habib Medical Group', 
        22, 350, 4.7, 510, 
        'approved', '/images/doctors/ai_doctor_blue.png', 'استشارية أمراض النساء والولادة وعلاج العقم. خبرة واسعة في متابعة الحمل عالي الخطورة وعمليات أطفال الأنابيب.', 'Consultant OB/GYN and Infertility specialist. Extensive experience in high-risk pregnancies and IVF procedures.', now(), now()
    );
EXCEPTION WHEN unique_violation THEN NULL;
END $$;

INSERT INTO doctor_schedules (id, doctor_id, day_of_week, start_time, end_time, is_available)
VALUES
    (uuid_generate_v4(), 'ab1ec80e-e6d3-4df9-bfe3-ba4c9ba1917e', 1, '09:00', '17:00', true),
    (uuid_generate_v4(), 'ab1ec80e-e6d3-4df9-bfe3-ba4c9ba1917e', 2, '09:00', '17:00', true),
    (uuid_generate_v4(), 'ab1ec80e-e6d3-4df9-bfe3-ba4c9ba1917e', 3, '09:00', '14:00', true),
    (uuid_generate_v4(), 'ab1ec80e-e6d3-4df9-bfe3-ba4c9ba1917e', 4, '13:00', '21:00', true),
    (uuid_generate_v4(), 'ab1ec80e-e6d3-4df9-bfe3-ba4c9ba1917e', 0, '10:00', '16:00', true);

-- Doctor 26: Dr. Samar Al-Hamad
DO $$
BEGIN
    -- Cleanup existing user with this email to prevent ID mismatch
    DELETE FROM auth.users WHERE email = 'samar.al-hamad.125@marham.sa';
    
    INSERT INTO auth.users (
        id, instance_id, email, encrypted_password, email_confirmed_at, 
        created_at, updated_at, raw_app_meta_data, raw_user_meta_data, aud, role
    ) VALUES (
        '1f1dfe0b-96ab-4a40-bdec-842b16efb593', '00000000-0000-0000-0000-000000000000', 'samar.al-hamad.125@marham.sa', 
        crypt('password123', gen_salt('bf')), now(), now(), now(), 
        '{"provider":"email","providers":["email"]}', 
        '{"full_name":"Dr. Samar Al-Hamad","role":"doctor"}', 
        'authenticated', 'authenticated'
    );
EXCEPTION WHEN unique_violation THEN NULL;
END $$;

DO $$
BEGIN
    INSERT INTO profiles (id, role, full_name_ar, full_name_en, city, created_at, updated_at)
    VALUES (
        '1f1dfe0b-96ab-4a40-bdec-842b16efb593', 'doctor', 'د. هياء الحمد', 'Dr. Samar Al-Hamad', 'Riyadh', now(), now()
    );
EXCEPTION WHEN unique_violation THEN NULL;
END $$;

DO $$
BEGIN
    INSERT INTO doctors (
        id, profile_id, scfhs_license, specialty, sub_specialties, hospital, 
        experience_years, consultation_price, rating, total_consultations, 
        status, profile_photo_url, bio_ar, bio_en, created_at, updated_at
    ) VALUES (
        '2b06b93c-25b7-481d-b06e-8c8e6a75b4f8', '1f1dfe0b-96ab-4a40-bdec-842b16efb593', '100025', 'OB/GYN', 
        ARRAY['Cosmetic Gynecology','Laser Therapy'], 'Habib Medical Group', 
        23, 500, 4.5, 470, 
        'approved', '/images/doctors/ai_doctor_senior.png', 'استشارية النساء والولادة والتجميل النسائي. متخصصة في الإجراءات التجميلية والعلاجية بالليزر.', 'Consultant OB/GYN specializing in cosmetic gynecology and laser therapies.', now(), now()
    );
EXCEPTION WHEN unique_violation THEN NULL;
END $$;

INSERT INTO doctor_schedules (id, doctor_id, day_of_week, start_time, end_time, is_available)
VALUES
    (uuid_generate_v4(), '2b06b93c-25b7-481d-b06e-8c8e6a75b4f8', 1, '09:00', '17:00', true),
    (uuid_generate_v4(), '2b06b93c-25b7-481d-b06e-8c8e6a75b4f8', 2, '09:00', '17:00', true),
    (uuid_generate_v4(), '2b06b93c-25b7-481d-b06e-8c8e6a75b4f8', 3, '09:00', '14:00', true),
    (uuid_generate_v4(), '2b06b93c-25b7-481d-b06e-8c8e6a75b4f8', 4, '13:00', '21:00', true),
    (uuid_generate_v4(), '2b06b93c-25b7-481d-b06e-8c8e6a75b4f8', 0, '10:00', '16:00', true);

-- Doctor 27: Dr. Noura Al-Qahtani
DO $$
BEGIN
    -- Cleanup existing user with this email to prevent ID mismatch
    DELETE FROM auth.users WHERE email = 'noura.al-qahtani.126@marham.sa';
    
    INSERT INTO auth.users (
        id, instance_id, email, encrypted_password, email_confirmed_at, 
        created_at, updated_at, raw_app_meta_data, raw_user_meta_data, aud, role
    ) VALUES (
        '67118041-815e-42b8-ba45-50142075a012', '00000000-0000-0000-0000-000000000000', 'noura.al-qahtani.126@marham.sa', 
        crypt('password123', gen_salt('bf')), now(), now(), now(), 
        '{"provider":"email","providers":["email"]}', 
        '{"full_name":"Dr. Noura Al-Qahtani","role":"doctor"}', 
        'authenticated', 'authenticated'
    );
EXCEPTION WHEN unique_violation THEN NULL;
END $$;

DO $$
BEGIN
    INSERT INTO profiles (id, role, full_name_ar, full_name_en, city, created_at, updated_at)
    VALUES (
        '67118041-815e-42b8-ba45-50142075a012', 'doctor', 'د. أمل القحطاني', 'Dr. Noura Al-Qahtani', 'Khobar', now(), now()
    );
EXCEPTION WHEN unique_violation THEN NULL;
END $$;

DO $$
BEGIN
    INSERT INTO doctors (
        id, profile_id, scfhs_license, specialty, sub_specialties, hospital, 
        experience_years, consultation_price, rating, total_consultations, 
        status, profile_photo_url, bio_ar, bio_en, created_at, updated_at
    ) VALUES (
        '88051141-b4a5-405c-8e11-863cec5dc3a0', '67118041-815e-42b8-ba45-50142075a012', '100026', 'Mental Health', 
        ARRAY['Women''s Psychiatry','Postpartum Depression','Anxiety'], 'Mutmaena Center', 
        8, 450, 4.9, 67, 
        'approved', '/images/doctors/ai_doctor_beige.png', 'استشارية الطب النفسي، متخصصة في صحة المرأة النفسية، واكتئاب ما بعد الولادة والقلق.', 'Consultant Psychiatrist specializing in women''s mental health, postpartum depression, and anxiety.', now(), now()
    );
EXCEPTION WHEN unique_violation THEN NULL;
END $$;

INSERT INTO doctor_schedules (id, doctor_id, day_of_week, start_time, end_time, is_available)
VALUES
    (uuid_generate_v4(), '88051141-b4a5-405c-8e11-863cec5dc3a0', 1, '09:00', '17:00', true),
    (uuid_generate_v4(), '88051141-b4a5-405c-8e11-863cec5dc3a0', 2, '09:00', '17:00', true),
    (uuid_generate_v4(), '88051141-b4a5-405c-8e11-863cec5dc3a0', 3, '09:00', '14:00', true),
    (uuid_generate_v4(), '88051141-b4a5-405c-8e11-863cec5dc3a0', 4, '13:00', '21:00', true),
    (uuid_generate_v4(), '88051141-b4a5-405c-8e11-863cec5dc3a0', 0, '10:00', '16:00', true);

-- Doctor 28: Dr. Jamila Al-Maliki
DO $$
BEGIN
    -- Cleanup existing user with this email to prevent ID mismatch
    DELETE FROM auth.users WHERE email = 'jamila.al-maliki.127@marham.sa';
    
    INSERT INTO auth.users (
        id, instance_id, email, encrypted_password, email_confirmed_at, 
        created_at, updated_at, raw_app_meta_data, raw_user_meta_data, aud, role
    ) VALUES (
        '27230412-215e-40d6-99f8-5a2ef50e2030', '00000000-0000-0000-0000-000000000000', 'jamila.al-maliki.127@marham.sa', 
        crypt('password123', gen_salt('bf')), now(), now(), now(), 
        '{"provider":"email","providers":["email"]}', 
        '{"full_name":"Dr. Jamila Al-Maliki","role":"doctor"}', 
        'authenticated', 'authenticated'
    );
EXCEPTION WHEN unique_violation THEN NULL;
END $$;

DO $$
BEGIN
    INSERT INTO profiles (id, role, full_name_ar, full_name_en, city, created_at, updated_at)
    VALUES (
        '27230412-215e-40d6-99f8-5a2ef50e2030', 'doctor', 'د. فاطمة المالكي', 'Dr. Jamila Al-Maliki', 'Medina', now(), now()
    );
EXCEPTION WHEN unique_violation THEN NULL;
END $$;

DO $$
BEGIN
    INSERT INTO doctors (
        id, profile_id, scfhs_license, specialty, sub_specialties, hospital, 
        experience_years, consultation_price, rating, total_consultations, 
        status, profile_photo_url, bio_ar, bio_en, created_at, updated_at
    ) VALUES (
        '9c836cc1-1693-4db0-998a-22b555aa1bbe', '27230412-215e-40d6-99f8-5a2ef50e2030', '100027', 'Breast Surgery', 
        ARRAY['Breast Oncology','Reconstructive Surgery'], 'King Faisal Specialist Hospital', 
        11, 250, 4.8, 273, 
        'approved', '/images/doctors/doctor_noura_alrashid_1764849899936.png', 'استشارية جراحة أورام الثدي والجراحة الترميمية. الكشف المبكر والعلاج الجراحي.', 'Consultant Breast Surgeon specializing in oncology and reconstructive surgery.', now(), now()
    );
EXCEPTION WHEN unique_violation THEN NULL;
END $$;

INSERT INTO doctor_schedules (id, doctor_id, day_of_week, start_time, end_time, is_available)
VALUES
    (uuid_generate_v4(), '9c836cc1-1693-4db0-998a-22b555aa1bbe', 1, '09:00', '17:00', true),
    (uuid_generate_v4(), '9c836cc1-1693-4db0-998a-22b555aa1bbe', 2, '09:00', '17:00', true),
    (uuid_generate_v4(), '9c836cc1-1693-4db0-998a-22b555aa1bbe', 3, '09:00', '14:00', true),
    (uuid_generate_v4(), '9c836cc1-1693-4db0-998a-22b555aa1bbe', 4, '13:00', '21:00', true),
    (uuid_generate_v4(), '9c836cc1-1693-4db0-998a-22b555aa1bbe', 0, '10:00', '16:00', true);

-- Doctor 29: Dr. Jamila Al-Sulaiman
DO $$
BEGIN
    -- Cleanup existing user with this email to prevent ID mismatch
    DELETE FROM auth.users WHERE email = 'jamila.al-sulaiman.128@marham.sa';
    
    INSERT INTO auth.users (
        id, instance_id, email, encrypted_password, email_confirmed_at, 
        created_at, updated_at, raw_app_meta_data, raw_user_meta_data, aud, role
    ) VALUES (
        'afdbe355-e817-4c5a-b78b-e17317ed354b', '00000000-0000-0000-0000-000000000000', 'jamila.al-sulaiman.128@marham.sa', 
        crypt('password123', gen_salt('bf')), now(), now(), now(), 
        '{"provider":"email","providers":["email"]}', 
        '{"full_name":"Dr. Jamila Al-Sulaiman","role":"doctor"}', 
        'authenticated', 'authenticated'
    );
EXCEPTION WHEN unique_violation THEN NULL;
END $$;

DO $$
BEGIN
    INSERT INTO profiles (id, role, full_name_ar, full_name_en, city, created_at, updated_at)
    VALUES (
        'afdbe355-e817-4c5a-b78b-e17317ed354b', 'doctor', 'د. فاطمة السليمان', 'Dr. Jamila Al-Sulaiman', 'Dammam', now(), now()
    );
EXCEPTION WHEN unique_violation THEN NULL;
END $$;

DO $$
BEGIN
    INSERT INTO doctors (
        id, profile_id, scfhs_license, specialty, sub_specialties, hospital, 
        experience_years, consultation_price, rating, total_consultations, 
        status, profile_photo_url, bio_ar, bio_en, created_at, updated_at
    ) VALUES (
        '8911c85c-f732-488c-bdf8-4f2ff23c46e2', 'afdbe355-e817-4c5a-b78b-e17317ed354b', '100028', 'OB/GYN', 
        ARRAY['Infertility & IVF','Pregnancy Follow-up','Fetal Medicine'], 'Dallah Hospital', 
        6, 200, 4.5, 79, 
        'approved', '/images/doctors/doctor_sarah_ahmed_1764849887752.png', 'استشارية أمراض النساء والولادة وعلاج العقم. خبرة واسعة في متابعة الحمل عالي الخطورة وعمليات أطفال الأنابيب.', 'Consultant OB/GYN and Infertility specialist. Extensive experience in high-risk pregnancies and IVF procedures.', now(), now()
    );
EXCEPTION WHEN unique_violation THEN NULL;
END $$;

INSERT INTO doctor_schedules (id, doctor_id, day_of_week, start_time, end_time, is_available)
VALUES
    (uuid_generate_v4(), '8911c85c-f732-488c-bdf8-4f2ff23c46e2', 1, '09:00', '17:00', true),
    (uuid_generate_v4(), '8911c85c-f732-488c-bdf8-4f2ff23c46e2', 2, '09:00', '17:00', true),
    (uuid_generate_v4(), '8911c85c-f732-488c-bdf8-4f2ff23c46e2', 3, '09:00', '14:00', true),
    (uuid_generate_v4(), '8911c85c-f732-488c-bdf8-4f2ff23c46e2', 4, '13:00', '21:00', true),
    (uuid_generate_v4(), '8911c85c-f732-488c-bdf8-4f2ff23c46e2', 0, '10:00', '16:00', true);

-- Doctor 30: Dr. Dalal Al-Enezi
DO $$
BEGIN
    -- Cleanup existing user with this email to prevent ID mismatch
    DELETE FROM auth.users WHERE email = 'dalal.al-enezi.129@marham.sa';
    
    INSERT INTO auth.users (
        id, instance_id, email, encrypted_password, email_confirmed_at, 
        created_at, updated_at, raw_app_meta_data, raw_user_meta_data, aud, role
    ) VALUES (
        '0e30118d-b050-47ff-8d69-aaf98e5250c7', '00000000-0000-0000-0000-000000000000', 'dalal.al-enezi.129@marham.sa', 
        crypt('password123', gen_salt('bf')), now(), now(), now(), 
        '{"provider":"email","providers":["email"]}', 
        '{"full_name":"Dr. Dalal Al-Enezi","role":"doctor"}', 
        'authenticated', 'authenticated'
    );
EXCEPTION WHEN unique_violation THEN NULL;
END $$;

DO $$
BEGIN
    INSERT INTO profiles (id, role, full_name_ar, full_name_en, city, created_at, updated_at)
    VALUES (
        '0e30118d-b050-47ff-8d69-aaf98e5250c7', 'doctor', 'د. لطيفة العنزي', 'Dr. Dalal Al-Enezi', 'Jeddah', now(), now()
    );
EXCEPTION WHEN unique_violation THEN NULL;
END $$;

DO $$
BEGIN
    INSERT INTO doctors (
        id, profile_id, scfhs_license, specialty, sub_specialties, hospital, 
        experience_years, consultation_price, rating, total_consultations, 
        status, profile_photo_url, bio_ar, bio_en, created_at, updated_at
    ) VALUES (
        '291b7824-3966-4094-8112-4fe6be830d32', '0e30118d-b050-47ff-8d69-aaf98e5250c7', '100029', 'Mental Health', 
        ARRAY['Women''s Psychiatry','Postpartum Depression','Anxiety'], 'Mutmaena Center', 
        10, 500, 4.7, 330, 
        'approved', '/images/doctors/doctor_leila_khalid_1764849830840.png', 'استشارية الطب النفسي، متخصصة في صحة المرأة النفسية، واكتئاب ما بعد الولادة والقلق.', 'Consultant Psychiatrist specializing in women''s mental health, postpartum depression, and anxiety.', now(), now()
    );
EXCEPTION WHEN unique_violation THEN NULL;
END $$;

INSERT INTO doctor_schedules (id, doctor_id, day_of_week, start_time, end_time, is_available)
VALUES
    (uuid_generate_v4(), '291b7824-3966-4094-8112-4fe6be830d32', 1, '09:00', '17:00', true),
    (uuid_generate_v4(), '291b7824-3966-4094-8112-4fe6be830d32', 2, '09:00', '17:00', true),
    (uuid_generate_v4(), '291b7824-3966-4094-8112-4fe6be830d32', 3, '09:00', '14:00', true),
    (uuid_generate_v4(), '291b7824-3966-4094-8112-4fe6be830d32', 4, '13:00', '21:00', true),
    (uuid_generate_v4(), '291b7824-3966-4094-8112-4fe6be830d32', 0, '10:00', '16:00', true);

-- Doctor 31: Dr. Reem Al-Enezi
DO $$
BEGIN
    -- Cleanup existing user with this email to prevent ID mismatch
    DELETE FROM auth.users WHERE email = 'reem.al-enezi.130@marham.sa';
    
    INSERT INTO auth.users (
        id, instance_id, email, encrypted_password, email_confirmed_at, 
        created_at, updated_at, raw_app_meta_data, raw_user_meta_data, aud, role
    ) VALUES (
        '4d9ed3a9-87da-4fa6-9aef-c22fdee9413e', '00000000-0000-0000-0000-000000000000', 'reem.al-enezi.130@marham.sa', 
        crypt('password123', gen_salt('bf')), now(), now(), now(), 
        '{"provider":"email","providers":["email"]}', 
        '{"full_name":"Dr. Reem Al-Enezi","role":"doctor"}', 
        'authenticated', 'authenticated'
    );
EXCEPTION WHEN unique_violation THEN NULL;
END $$;

DO $$
BEGIN
    INSERT INTO profiles (id, role, full_name_ar, full_name_en, city, created_at, updated_at)
    VALUES (
        '4d9ed3a9-87da-4fa6-9aef-c22fdee9413e', 'doctor', 'د. لطيفة العنزي', 'Dr. Reem Al-Enezi', 'Riyadh', now(), now()
    );
EXCEPTION WHEN unique_violation THEN NULL;
END $$;

DO $$
BEGIN
    INSERT INTO doctors (
        id, profile_id, scfhs_license, specialty, sub_specialties, hospital, 
        experience_years, consultation_price, rating, total_consultations, 
        status, profile_photo_url, bio_ar, bio_en, created_at, updated_at
    ) VALUES (
        'e5447217-41bc-493d-b956-9f9966ef20d0', '4d9ed3a9-87da-4fa6-9aef-c22fdee9413e', '100030', 'Mental Health', 
        ARRAY['Women''s Psychiatry','Postpartum Depression','Anxiety'], 'Maudsley Health', 
        14, 300, 4.6, 468, 
        'approved', '/images/doctors/doctor_fatima_ali_1764849767672.png', 'استشارية الطب النفسي، متخصصة في صحة المرأة النفسية، واكتئاب ما بعد الولادة والقلق.', 'Consultant Psychiatrist specializing in women''s mental health, postpartum depression, and anxiety.', now(), now()
    );
EXCEPTION WHEN unique_violation THEN NULL;
END $$;

INSERT INTO doctor_schedules (id, doctor_id, day_of_week, start_time, end_time, is_available)
VALUES
    (uuid_generate_v4(), 'e5447217-41bc-493d-b956-9f9966ef20d0', 1, '09:00', '17:00', true),
    (uuid_generate_v4(), 'e5447217-41bc-493d-b956-9f9966ef20d0', 2, '09:00', '17:00', true),
    (uuid_generate_v4(), 'e5447217-41bc-493d-b956-9f9966ef20d0', 3, '09:00', '14:00', true),
    (uuid_generate_v4(), 'e5447217-41bc-493d-b956-9f9966ef20d0', 4, '13:00', '21:00', true),
    (uuid_generate_v4(), 'e5447217-41bc-493d-b956-9f9966ef20d0', 0, '10:00', '16:00', true);

-- Doctor 32: Dr. Reem Al-Ali
DO $$
BEGIN
    -- Cleanup existing user with this email to prevent ID mismatch
    DELETE FROM auth.users WHERE email = 'reem.al-ali.131@marham.sa';
    
    INSERT INTO auth.users (
        id, instance_id, email, encrypted_password, email_confirmed_at, 
        created_at, updated_at, raw_app_meta_data, raw_user_meta_data, aud, role
    ) VALUES (
        'db7f56b9-8364-4670-aa27-cd26dda59993', '00000000-0000-0000-0000-000000000000', 'reem.al-ali.131@marham.sa', 
        crypt('password123', gen_salt('bf')), now(), now(), now(), 
        '{"provider":"email","providers":["email"]}', 
        '{"full_name":"Dr. Reem Al-Ali","role":"doctor"}', 
        'authenticated', 'authenticated'
    );
EXCEPTION WHEN unique_violation THEN NULL;
END $$;

DO $$
BEGIN
    INSERT INTO profiles (id, role, full_name_ar, full_name_en, city, created_at, updated_at)
    VALUES (
        'db7f56b9-8364-4670-aa27-cd26dda59993', 'doctor', 'د. سارة العلي', 'Dr. Reem Al-Ali', 'Khobar', now(), now()
    );
EXCEPTION WHEN unique_violation THEN NULL;
END $$;

DO $$
BEGIN
    INSERT INTO doctors (
        id, profile_id, scfhs_license, specialty, sub_specialties, hospital, 
        experience_years, consultation_price, rating, total_consultations, 
        status, profile_photo_url, bio_ar, bio_en, created_at, updated_at
    ) VALUES (
        '581639ce-c1cc-44cf-a58b-88b24256a099', 'db7f56b9-8364-4670-aa27-cd26dda59993', '100031', 'OB/GYN', 
        ARRAY['Cosmetic Gynecology','Laser Therapy'], 'Kaya Skin Clinic', 
        27, 300, 4.2, 484, 
        'approved', '/images/doctors/doctor_amira_fahad_1764849818816.png', 'استشارية النساء والولادة والتجميل النسائي. متخصصة في الإجراءات التجميلية والعلاجية بالليزر.', 'Consultant OB/GYN specializing in cosmetic gynecology and laser therapies.', now(), now()
    );
EXCEPTION WHEN unique_violation THEN NULL;
END $$;

INSERT INTO doctor_schedules (id, doctor_id, day_of_week, start_time, end_time, is_available)
VALUES
    (uuid_generate_v4(), '581639ce-c1cc-44cf-a58b-88b24256a099', 1, '09:00', '17:00', true),
    (uuid_generate_v4(), '581639ce-c1cc-44cf-a58b-88b24256a099', 2, '09:00', '17:00', true),
    (uuid_generate_v4(), '581639ce-c1cc-44cf-a58b-88b24256a099', 3, '09:00', '14:00', true),
    (uuid_generate_v4(), '581639ce-c1cc-44cf-a58b-88b24256a099', 4, '13:00', '21:00', true),
    (uuid_generate_v4(), '581639ce-c1cc-44cf-a58b-88b24256a099', 0, '10:00', '16:00', true);

-- Doctor 33: Dr. Samar Al-Enezi
DO $$
BEGIN
    -- Cleanup existing user with this email to prevent ID mismatch
    DELETE FROM auth.users WHERE email = 'samar.al-enezi.132@marham.sa';
    
    INSERT INTO auth.users (
        id, instance_id, email, encrypted_password, email_confirmed_at, 
        created_at, updated_at, raw_app_meta_data, raw_user_meta_data, aud, role
    ) VALUES (
        '74fae506-399c-4cf6-8604-49ac491bc781', '00000000-0000-0000-0000-000000000000', 'samar.al-enezi.132@marham.sa', 
        crypt('password123', gen_salt('bf')), now(), now(), now(), 
        '{"provider":"email","providers":["email"]}', 
        '{"full_name":"Dr. Samar Al-Enezi","role":"doctor"}', 
        'authenticated', 'authenticated'
    );
EXCEPTION WHEN unique_violation THEN NULL;
END $$;

DO $$
BEGIN
    INSERT INTO profiles (id, role, full_name_ar, full_name_en, city, created_at, updated_at)
    VALUES (
        '74fae506-399c-4cf6-8604-49ac491bc781', 'doctor', 'د. نورا العنزي', 'Dr. Samar Al-Enezi', 'Khobar', now(), now()
    );
EXCEPTION WHEN unique_violation THEN NULL;
END $$;

DO $$
BEGIN
    INSERT INTO doctors (
        id, profile_id, scfhs_license, specialty, sub_specialties, hospital, 
        experience_years, consultation_price, rating, total_consultations, 
        status, profile_photo_url, bio_ar, bio_en, created_at, updated_at
    ) VALUES (
        'feb43e1a-fce0-4d1d-9cc8-5421b3a479ef', '74fae506-399c-4cf6-8604-49ac491bc781', '100032', 'Nutrition', 
        ARRAY['Weight Management','Pregnancy Nutrition','PCOS Diet'], 'Diet Center', 
        26, 150, 4.2, 494, 
        'approved', '/images/doctors/ai_doctor_grey.png', 'أخصائية تغذية علاجية، برامج متخصصة لمرضى تكيس المبايض وتغذية الحوامل وإنقاص الوزن.', 'Clinical Nutritionist specializing in PCOS management, pregnancy nutrition, and weight loss.', now(), now()
    );
EXCEPTION WHEN unique_violation THEN NULL;
END $$;

INSERT INTO doctor_schedules (id, doctor_id, day_of_week, start_time, end_time, is_available)
VALUES
    (uuid_generate_v4(), 'feb43e1a-fce0-4d1d-9cc8-5421b3a479ef', 1, '09:00', '17:00', true),
    (uuid_generate_v4(), 'feb43e1a-fce0-4d1d-9cc8-5421b3a479ef', 2, '09:00', '17:00', true),
    (uuid_generate_v4(), 'feb43e1a-fce0-4d1d-9cc8-5421b3a479ef', 3, '09:00', '14:00', true),
    (uuid_generate_v4(), 'feb43e1a-fce0-4d1d-9cc8-5421b3a479ef', 4, '13:00', '21:00', true),
    (uuid_generate_v4(), 'feb43e1a-fce0-4d1d-9cc8-5421b3a479ef', 0, '10:00', '16:00', true);

-- Doctor 34: Dr. Kholoud Al-Ghamdi
DO $$
BEGIN
    -- Cleanup existing user with this email to prevent ID mismatch
    DELETE FROM auth.users WHERE email = 'kholoud.al-ghamdi.133@marham.sa';
    
    INSERT INTO auth.users (
        id, instance_id, email, encrypted_password, email_confirmed_at, 
        created_at, updated_at, raw_app_meta_data, raw_user_meta_data, aud, role
    ) VALUES (
        '33973253-9f1c-4bc1-ba7f-61ad81108e77', '00000000-0000-0000-0000-000000000000', 'kholoud.al-ghamdi.133@marham.sa', 
        crypt('password123', gen_salt('bf')), now(), now(), now(), 
        '{"provider":"email","providers":["email"]}', 
        '{"full_name":"Dr. Kholoud Al-Ghamdi","role":"doctor"}', 
        'authenticated', 'authenticated'
    );
EXCEPTION WHEN unique_violation THEN NULL;
END $$;

DO $$
BEGIN
    INSERT INTO profiles (id, role, full_name_ar, full_name_en, city, created_at, updated_at)
    VALUES (
        '33973253-9f1c-4bc1-ba7f-61ad81108e77', 'doctor', 'د. بشاير الغامدي', 'Dr. Kholoud Al-Ghamdi', 'Mecca', now(), now()
    );
EXCEPTION WHEN unique_violation THEN NULL;
END $$;

DO $$
BEGIN
    INSERT INTO doctors (
        id, profile_id, scfhs_license, specialty, sub_specialties, hospital, 
        experience_years, consultation_price, rating, total_consultations, 
        status, profile_photo_url, bio_ar, bio_en, created_at, updated_at
    ) VALUES (
        '81b754b2-d359-46bc-a60a-72a6dad521bb', '33973253-9f1c-4bc1-ba7f-61ad81108e77', '100033', 'Dermatology', 
        ARRAY['Cosmetic Dermatology','Laser','Anti-Aging'], 'Kaya Skin Clinic', 
        14, 450, 4.6, 76, 
        'approved', '/images/doctors/ai_doctor_blue.png', 'استشارية جلدية وتجميل والليزر. متخصصة في الحقن التجميلي والعناية بالبشرة.', 'Consultant Dermatologist and Cosmetic Laser specialist. Expert in aesthetic injections and skin care.', now(), now()
    );
EXCEPTION WHEN unique_violation THEN NULL;
END $$;

INSERT INTO doctor_schedules (id, doctor_id, day_of_week, start_time, end_time, is_available)
VALUES
    (uuid_generate_v4(), '81b754b2-d359-46bc-a60a-72a6dad521bb', 1, '09:00', '17:00', true),
    (uuid_generate_v4(), '81b754b2-d359-46bc-a60a-72a6dad521bb', 2, '09:00', '17:00', true),
    (uuid_generate_v4(), '81b754b2-d359-46bc-a60a-72a6dad521bb', 3, '09:00', '14:00', true),
    (uuid_generate_v4(), '81b754b2-d359-46bc-a60a-72a6dad521bb', 4, '13:00', '21:00', true),
    (uuid_generate_v4(), '81b754b2-d359-46bc-a60a-72a6dad521bb', 0, '10:00', '16:00', true);

-- Doctor 35: Dr. Haya Al-Enezi
DO $$
BEGIN
    -- Cleanup existing user with this email to prevent ID mismatch
    DELETE FROM auth.users WHERE email = 'haya.al-enezi.134@marham.sa';
    
    INSERT INTO auth.users (
        id, instance_id, email, encrypted_password, email_confirmed_at, 
        created_at, updated_at, raw_app_meta_data, raw_user_meta_data, aud, role
    ) VALUES (
        '0db9fdbb-00b7-4bf7-976e-a2333b2d55fe', '00000000-0000-0000-0000-000000000000', 'haya.al-enezi.134@marham.sa', 
        crypt('password123', gen_salt('bf')), now(), now(), now(), 
        '{"provider":"email","providers":["email"]}', 
        '{"full_name":"Dr. Haya Al-Enezi","role":"doctor"}', 
        'authenticated', 'authenticated'
    );
EXCEPTION WHEN unique_violation THEN NULL;
END $$;

DO $$
BEGIN
    INSERT INTO profiles (id, role, full_name_ar, full_name_en, city, created_at, updated_at)
    VALUES (
        '0db9fdbb-00b7-4bf7-976e-a2333b2d55fe', 'doctor', 'د. منيرة العنزي', 'Dr. Haya Al-Enezi', 'Dammam', now(), now()
    );
EXCEPTION WHEN unique_violation THEN NULL;
END $$;

DO $$
BEGIN
    INSERT INTO doctors (
        id, profile_id, scfhs_license, specialty, sub_specialties, hospital, 
        experience_years, consultation_price, rating, total_consultations, 
        status, profile_photo_url, bio_ar, bio_en, created_at, updated_at
    ) VALUES (
        '7b75a9da-20db-4602-be40-6905cb9f6849', '0db9fdbb-00b7-4bf7-976e-a2333b2d55fe', '100034', 'Family Medicine', 
        ARRAY['Women''s Health','Preventive Care'], 'My Clinic', 
        16, 200, 4.6, 199, 
        'approved', '/images/doctors/ai_doctor_senior.png', 'طبيبة أسرة متخصصة في صحة المرأة والفحوصات الوقائية الشاملة.', 'Family Medicine Consultant focusing on women''s health and comprehensive preventive care.', now(), now()
    );
EXCEPTION WHEN unique_violation THEN NULL;
END $$;

INSERT INTO doctor_schedules (id, doctor_id, day_of_week, start_time, end_time, is_available)
VALUES
    (uuid_generate_v4(), '7b75a9da-20db-4602-be40-6905cb9f6849', 1, '09:00', '17:00', true),
    (uuid_generate_v4(), '7b75a9da-20db-4602-be40-6905cb9f6849', 2, '09:00', '17:00', true),
    (uuid_generate_v4(), '7b75a9da-20db-4602-be40-6905cb9f6849', 3, '09:00', '14:00', true),
    (uuid_generate_v4(), '7b75a9da-20db-4602-be40-6905cb9f6849', 4, '13:00', '21:00', true),
    (uuid_generate_v4(), '7b75a9da-20db-4602-be40-6905cb9f6849', 0, '10:00', '16:00', true);

-- Doctor 36: Dr. Aljawhara Al-Shamrani
DO $$
BEGIN
    -- Cleanup existing user with this email to prevent ID mismatch
    DELETE FROM auth.users WHERE email = 'aljawhara.al-shamrani.135@marham.sa';
    
    INSERT INTO auth.users (
        id, instance_id, email, encrypted_password, email_confirmed_at, 
        created_at, updated_at, raw_app_meta_data, raw_user_meta_data, aud, role
    ) VALUES (
        '3a6cadb5-2efa-43c9-92b2-daba8bb48ccd', '00000000-0000-0000-0000-000000000000', 'aljawhara.al-shamrani.135@marham.sa', 
        crypt('password123', gen_salt('bf')), now(), now(), now(), 
        '{"provider":"email","providers":["email"]}', 
        '{"full_name":"Dr. Aljawhara Al-Shamrani","role":"doctor"}', 
        'authenticated', 'authenticated'
    );
EXCEPTION WHEN unique_violation THEN NULL;
END $$;

DO $$
BEGIN
    INSERT INTO profiles (id, role, full_name_ar, full_name_en, city, created_at, updated_at)
    VALUES (
        '3a6cadb5-2efa-43c9-92b2-daba8bb48ccd', 'doctor', 'د. أسماء الشمراني', 'Dr. Aljawhara Al-Shamrani', 'Riyadh', now(), now()
    );
EXCEPTION WHEN unique_violation THEN NULL;
END $$;

DO $$
BEGIN
    INSERT INTO doctors (
        id, profile_id, scfhs_license, specialty, sub_specialties, hospital, 
        experience_years, consultation_price, rating, total_consultations, 
        status, profile_photo_url, bio_ar, bio_en, created_at, updated_at
    ) VALUES (
        '2536eca7-2605-4e27-bbf6-4fc00763eff7', '3a6cadb5-2efa-43c9-92b2-daba8bb48ccd', '100035', 'OB/GYN', 
        ARRAY['Infertility & IVF','Pregnancy Follow-up','Fetal Medicine'], 'Habib Medical Group', 
        20, 200, 4.3, 426, 
        'approved', '/images/doctors/ai_doctor_beige.png', 'استشارية أمراض النساء والولادة وعلاج العقم. خبرة واسعة في متابعة الحمل عالي الخطورة وعمليات أطفال الأنابيب.', 'Consultant OB/GYN and Infertility specialist. Extensive experience in high-risk pregnancies and IVF procedures.', now(), now()
    );
EXCEPTION WHEN unique_violation THEN NULL;
END $$;

INSERT INTO doctor_schedules (id, doctor_id, day_of_week, start_time, end_time, is_available)
VALUES
    (uuid_generate_v4(), '2536eca7-2605-4e27-bbf6-4fc00763eff7', 1, '09:00', '17:00', true),
    (uuid_generate_v4(), '2536eca7-2605-4e27-bbf6-4fc00763eff7', 2, '09:00', '17:00', true),
    (uuid_generate_v4(), '2536eca7-2605-4e27-bbf6-4fc00763eff7', 3, '09:00', '14:00', true),
    (uuid_generate_v4(), '2536eca7-2605-4e27-bbf6-4fc00763eff7', 4, '13:00', '21:00', true),
    (uuid_generate_v4(), '2536eca7-2605-4e27-bbf6-4fc00763eff7', 0, '10:00', '16:00', true);

-- Doctor 37: Dr. Noura Al-Ghamdi
DO $$
BEGIN
    -- Cleanup existing user with this email to prevent ID mismatch
    DELETE FROM auth.users WHERE email = 'noura.al-ghamdi.136@marham.sa';
    
    INSERT INTO auth.users (
        id, instance_id, email, encrypted_password, email_confirmed_at, 
        created_at, updated_at, raw_app_meta_data, raw_user_meta_data, aud, role
    ) VALUES (
        '976a267a-486b-4138-a523-fd132e31943d', '00000000-0000-0000-0000-000000000000', 'noura.al-ghamdi.136@marham.sa', 
        crypt('password123', gen_salt('bf')), now(), now(), now(), 
        '{"provider":"email","providers":["email"]}', 
        '{"full_name":"Dr. Noura Al-Ghamdi","role":"doctor"}', 
        'authenticated', 'authenticated'
    );
EXCEPTION WHEN unique_violation THEN NULL;
END $$;

DO $$
BEGIN
    INSERT INTO profiles (id, role, full_name_ar, full_name_en, city, created_at, updated_at)
    VALUES (
        '976a267a-486b-4138-a523-fd132e31943d', 'doctor', 'د. الجوهرة الغامدي', 'Dr. Noura Al-Ghamdi', 'Dammam', now(), now()
    );
EXCEPTION WHEN unique_violation THEN NULL;
END $$;

DO $$
BEGIN
    INSERT INTO doctors (
        id, profile_id, scfhs_license, specialty, sub_specialties, hospital, 
        experience_years, consultation_price, rating, total_consultations, 
        status, profile_photo_url, bio_ar, bio_en, created_at, updated_at
    ) VALUES (
        '5987f413-68ae-4ad7-92f2-9dd37dac039f', '976a267a-486b-4138-a523-fd132e31943d', '100036', 'Dermatology', 
        ARRAY['Cosmetic Dermatology','Laser','Anti-Aging'], 'Derma Clinic', 
        23, 350, 4.3, 394, 
        'approved', '/images/doctors/doctor_noura_alrashid_1764849899936.png', 'استشارية جلدية وتجميل والليزر. متخصصة في الحقن التجميلي والعناية بالبشرة.', 'Consultant Dermatologist and Cosmetic Laser specialist. Expert in aesthetic injections and skin care.', now(), now()
    );
EXCEPTION WHEN unique_violation THEN NULL;
END $$;

INSERT INTO doctor_schedules (id, doctor_id, day_of_week, start_time, end_time, is_available)
VALUES
    (uuid_generate_v4(), '5987f413-68ae-4ad7-92f2-9dd37dac039f', 1, '09:00', '17:00', true),
    (uuid_generate_v4(), '5987f413-68ae-4ad7-92f2-9dd37dac039f', 2, '09:00', '17:00', true),
    (uuid_generate_v4(), '5987f413-68ae-4ad7-92f2-9dd37dac039f', 3, '09:00', '14:00', true),
    (uuid_generate_v4(), '5987f413-68ae-4ad7-92f2-9dd37dac039f', 4, '13:00', '21:00', true),
    (uuid_generate_v4(), '5987f413-68ae-4ad7-92f2-9dd37dac039f', 0, '10:00', '16:00', true);

-- Doctor 38: Dr. Samar Al-Harbi
DO $$
BEGIN
    -- Cleanup existing user with this email to prevent ID mismatch
    DELETE FROM auth.users WHERE email = 'samar.al-harbi.137@marham.sa';
    
    INSERT INTO auth.users (
        id, instance_id, email, encrypted_password, email_confirmed_at, 
        created_at, updated_at, raw_app_meta_data, raw_user_meta_data, aud, role
    ) VALUES (
        '2be815bd-17c1-4957-939e-80580fa5a3a6', '00000000-0000-0000-0000-000000000000', 'samar.al-harbi.137@marham.sa', 
        crypt('password123', gen_salt('bf')), now(), now(), now(), 
        '{"provider":"email","providers":["email"]}', 
        '{"full_name":"Dr. Samar Al-Harbi","role":"doctor"}', 
        'authenticated', 'authenticated'
    );
EXCEPTION WHEN unique_violation THEN NULL;
END $$;

DO $$
BEGIN
    INSERT INTO profiles (id, role, full_name_ar, full_name_en, city, created_at, updated_at)
    VALUES (
        '2be815bd-17c1-4957-939e-80580fa5a3a6', 'doctor', 'د. مها الحربي', 'Dr. Samar Al-Harbi', 'Jeddah', now(), now()
    );
EXCEPTION WHEN unique_violation THEN NULL;
END $$;

DO $$
BEGIN
    INSERT INTO doctors (
        id, profile_id, scfhs_license, specialty, sub_specialties, hospital, 
        experience_years, consultation_price, rating, total_consultations, 
        status, profile_photo_url, bio_ar, bio_en, created_at, updated_at
    ) VALUES (
        '64347765-372c-4c55-8c02-1e03dc207b9c', '2be815bd-17c1-4957-939e-80580fa5a3a6', '100037', 'Dermatology', 
        ARRAY['Cosmetic Dermatology','Laser','Anti-Aging'], 'Habib Medical Group', 
        21, 150, 4.7, 402, 
        'approved', '/images/doctors/doctor_sarah_ahmed_1764849887752.png', 'استشارية جلدية وتجميل والليزر. متخصصة في الحقن التجميلي والعناية بالبشرة.', 'Consultant Dermatologist and Cosmetic Laser specialist. Expert in aesthetic injections and skin care.', now(), now()
    );
EXCEPTION WHEN unique_violation THEN NULL;
END $$;

INSERT INTO doctor_schedules (id, doctor_id, day_of_week, start_time, end_time, is_available)
VALUES
    (uuid_generate_v4(), '64347765-372c-4c55-8c02-1e03dc207b9c', 1, '09:00', '17:00', true),
    (uuid_generate_v4(), '64347765-372c-4c55-8c02-1e03dc207b9c', 2, '09:00', '17:00', true),
    (uuid_generate_v4(), '64347765-372c-4c55-8c02-1e03dc207b9c', 3, '09:00', '14:00', true),
    (uuid_generate_v4(), '64347765-372c-4c55-8c02-1e03dc207b9c', 4, '13:00', '21:00', true),
    (uuid_generate_v4(), '64347765-372c-4c55-8c02-1e03dc207b9c', 0, '10:00', '16:00', true);

-- Doctor 39: Dr. Fatima Al-Otaibi
DO $$
BEGIN
    -- Cleanup existing user with this email to prevent ID mismatch
    DELETE FROM auth.users WHERE email = 'fatima.al-otaibi.138@marham.sa';
    
    INSERT INTO auth.users (
        id, instance_id, email, encrypted_password, email_confirmed_at, 
        created_at, updated_at, raw_app_meta_data, raw_user_meta_data, aud, role
    ) VALUES (
        '145417d3-b8c9-4543-b68a-1decfbf6a167', '00000000-0000-0000-0000-000000000000', 'fatima.al-otaibi.138@marham.sa', 
        crypt('password123', gen_salt('bf')), now(), now(), now(), 
        '{"provider":"email","providers":["email"]}', 
        '{"full_name":"Dr. Fatima Al-Otaibi","role":"doctor"}', 
        'authenticated', 'authenticated'
    );
EXCEPTION WHEN unique_violation THEN NULL;
END $$;

DO $$
BEGIN
    INSERT INTO profiles (id, role, full_name_ar, full_name_en, city, created_at, updated_at)
    VALUES (
        '145417d3-b8c9-4543-b68a-1decfbf6a167', 'doctor', 'د. ريم العتيبي', 'Dr. Fatima Al-Otaibi', 'Jeddah', now(), now()
    );
EXCEPTION WHEN unique_violation THEN NULL;
END $$;

DO $$
BEGIN
    INSERT INTO doctors (
        id, profile_id, scfhs_license, specialty, sub_specialties, hospital, 
        experience_years, consultation_price, rating, total_consultations, 
        status, profile_photo_url, bio_ar, bio_en, created_at, updated_at
    ) VALUES (
        '59a11b86-b12f-4969-8795-0511786865be', '145417d3-b8c9-4543-b68a-1decfbf6a167', '100038', 'Breast Surgery', 
        ARRAY['Breast Oncology','Reconstructive Surgery'], 'King Faisal Specialist Hospital', 
        28, 500, 4.3, 417, 
        'approved', '/images/doctors/doctor_leila_khalid_1764849830840.png', 'استشارية جراحة أورام الثدي والجراحة الترميمية. الكشف المبكر والعلاج الجراحي.', 'Consultant Breast Surgeon specializing in oncology and reconstructive surgery.', now(), now()
    );
EXCEPTION WHEN unique_violation THEN NULL;
END $$;

INSERT INTO doctor_schedules (id, doctor_id, day_of_week, start_time, end_time, is_available)
VALUES
    (uuid_generate_v4(), '59a11b86-b12f-4969-8795-0511786865be', 1, '09:00', '17:00', true),
    (uuid_generate_v4(), '59a11b86-b12f-4969-8795-0511786865be', 2, '09:00', '17:00', true),
    (uuid_generate_v4(), '59a11b86-b12f-4969-8795-0511786865be', 3, '09:00', '14:00', true),
    (uuid_generate_v4(), '59a11b86-b12f-4969-8795-0511786865be', 4, '13:00', '21:00', true),
    (uuid_generate_v4(), '59a11b86-b12f-4969-8795-0511786865be', 0, '10:00', '16:00', true);

-- Doctor 40: Dr. Fatima Al-Ghamdi
DO $$
BEGIN
    -- Cleanup existing user with this email to prevent ID mismatch
    DELETE FROM auth.users WHERE email = 'fatima.al-ghamdi.139@marham.sa';
    
    INSERT INTO auth.users (
        id, instance_id, email, encrypted_password, email_confirmed_at, 
        created_at, updated_at, raw_app_meta_data, raw_user_meta_data, aud, role
    ) VALUES (
        'dff08e4c-95d9-43d9-be52-8d408790005b', '00000000-0000-0000-0000-000000000000', 'fatima.al-ghamdi.139@marham.sa', 
        crypt('password123', gen_salt('bf')), now(), now(), now(), 
        '{"provider":"email","providers":["email"]}', 
        '{"full_name":"Dr. Fatima Al-Ghamdi","role":"doctor"}', 
        'authenticated', 'authenticated'
    );
EXCEPTION WHEN unique_violation THEN NULL;
END $$;

DO $$
BEGIN
    INSERT INTO profiles (id, role, full_name_ar, full_name_en, city, created_at, updated_at)
    VALUES (
        'dff08e4c-95d9-43d9-be52-8d408790005b', 'doctor', 'د. جميلة الغامدي', 'Dr. Fatima Al-Ghamdi', 'Khobar', now(), now()
    );
EXCEPTION WHEN unique_violation THEN NULL;
END $$;

DO $$
BEGIN
    INSERT INTO doctors (
        id, profile_id, scfhs_license, specialty, sub_specialties, hospital, 
        experience_years, consultation_price, rating, total_consultations, 
        status, profile_photo_url, bio_ar, bio_en, created_at, updated_at
    ) VALUES (
        '9fdf58b6-c1bf-4bb2-99bf-870f817593eb', 'dff08e4c-95d9-43d9-be52-8d408790005b', '100039', 'Nutrition', 
        ARRAY['Weight Management','Pregnancy Nutrition','PCOS Diet'], 'Wellness Clinic', 
        14, 400, 4.8, 473, 
        'approved', '/images/doctors/doctor_fatima_ali_1764849767672.png', 'أخصائية تغذية علاجية، برامج متخصصة لمرضى تكيس المبايض وتغذية الحوامل وإنقاص الوزن.', 'Clinical Nutritionist specializing in PCOS management, pregnancy nutrition, and weight loss.', now(), now()
    );
EXCEPTION WHEN unique_violation THEN NULL;
END $$;

INSERT INTO doctor_schedules (id, doctor_id, day_of_week, start_time, end_time, is_available)
VALUES
    (uuid_generate_v4(), '9fdf58b6-c1bf-4bb2-99bf-870f817593eb', 1, '09:00', '17:00', true),
    (uuid_generate_v4(), '9fdf58b6-c1bf-4bb2-99bf-870f817593eb', 2, '09:00', '17:00', true),
    (uuid_generate_v4(), '9fdf58b6-c1bf-4bb2-99bf-870f817593eb', 3, '09:00', '14:00', true),
    (uuid_generate_v4(), '9fdf58b6-c1bf-4bb2-99bf-870f817593eb', 4, '13:00', '21:00', true),
    (uuid_generate_v4(), '9fdf58b6-c1bf-4bb2-99bf-870f817593eb', 0, '10:00', '16:00', true);

-- Doctor 41: Dr. Aljawhara Al-Hamad
DO $$
BEGIN
    -- Cleanup existing user with this email to prevent ID mismatch
    DELETE FROM auth.users WHERE email = 'aljawhara.al-hamad.140@marham.sa';
    
    INSERT INTO auth.users (
        id, instance_id, email, encrypted_password, email_confirmed_at, 
        created_at, updated_at, raw_app_meta_data, raw_user_meta_data, aud, role
    ) VALUES (
        'a79d1c73-adeb-4981-a518-ae2920d33341', '00000000-0000-0000-0000-000000000000', 'aljawhara.al-hamad.140@marham.sa', 
        crypt('password123', gen_salt('bf')), now(), now(), now(), 
        '{"provider":"email","providers":["email"]}', 
        '{"full_name":"Dr. Aljawhara Al-Hamad","role":"doctor"}', 
        'authenticated', 'authenticated'
    );
EXCEPTION WHEN unique_violation THEN NULL;
END $$;

DO $$
BEGIN
    INSERT INTO profiles (id, role, full_name_ar, full_name_en, city, created_at, updated_at)
    VALUES (
        'a79d1c73-adeb-4981-a518-ae2920d33341', 'doctor', 'د. فاطمة الحمد', 'Dr. Aljawhara Al-Hamad', 'Medina', now(), now()
    );
EXCEPTION WHEN unique_violation THEN NULL;
END $$;

DO $$
BEGIN
    INSERT INTO doctors (
        id, profile_id, scfhs_license, specialty, sub_specialties, hospital, 
        experience_years, consultation_price, rating, total_consultations, 
        status, profile_photo_url, bio_ar, bio_en, created_at, updated_at
    ) VALUES (
        '02447b12-30eb-416b-a791-ba1f1256136a', 'a79d1c73-adeb-4981-a518-ae2920d33341', '100040', 'OB/GYN', 
        ARRAY['Cosmetic Gynecology','Laser Therapy'], 'Habib Medical Group', 
        7, 300, 4.2, 256, 
        'approved', '/images/doctors/doctor_amira_fahad_1764849818816.png', 'استشارية النساء والولادة والتجميل النسائي. متخصصة في الإجراءات التجميلية والعلاجية بالليزر.', 'Consultant OB/GYN specializing in cosmetic gynecology and laser therapies.', now(), now()
    );
EXCEPTION WHEN unique_violation THEN NULL;
END $$;

INSERT INTO doctor_schedules (id, doctor_id, day_of_week, start_time, end_time, is_available)
VALUES
    (uuid_generate_v4(), '02447b12-30eb-416b-a791-ba1f1256136a', 1, '09:00', '17:00', true),
    (uuid_generate_v4(), '02447b12-30eb-416b-a791-ba1f1256136a', 2, '09:00', '17:00', true),
    (uuid_generate_v4(), '02447b12-30eb-416b-a791-ba1f1256136a', 3, '09:00', '14:00', true),
    (uuid_generate_v4(), '02447b12-30eb-416b-a791-ba1f1256136a', 4, '13:00', '21:00', true),
    (uuid_generate_v4(), '02447b12-30eb-416b-a791-ba1f1256136a', 0, '10:00', '16:00', true);

-- Doctor 42: Dr. Tahani Al-Rashid
DO $$
BEGIN
    -- Cleanup existing user with this email to prevent ID mismatch
    DELETE FROM auth.users WHERE email = 'tahani.al-rashid.141@marham.sa';
    
    INSERT INTO auth.users (
        id, instance_id, email, encrypted_password, email_confirmed_at, 
        created_at, updated_at, raw_app_meta_data, raw_user_meta_data, aud, role
    ) VALUES (
        '425cace4-6780-4b11-b2b0-6d2cb2806f00', '00000000-0000-0000-0000-000000000000', 'tahani.al-rashid.141@marham.sa', 
        crypt('password123', gen_salt('bf')), now(), now(), now(), 
        '{"provider":"email","providers":["email"]}', 
        '{"full_name":"Dr. Tahani Al-Rashid","role":"doctor"}', 
        'authenticated', 'authenticated'
    );
EXCEPTION WHEN unique_violation THEN NULL;
END $$;

DO $$
BEGIN
    INSERT INTO profiles (id, role, full_name_ar, full_name_en, city, created_at, updated_at)
    VALUES (
        '425cace4-6780-4b11-b2b0-6d2cb2806f00', 'doctor', 'د. الجوهرة الراشد', 'Dr. Tahani Al-Rashid', 'Khobar', now(), now()
    );
EXCEPTION WHEN unique_violation THEN NULL;
END $$;

DO $$
BEGIN
    INSERT INTO doctors (
        id, profile_id, scfhs_license, specialty, sub_specialties, hospital, 
        experience_years, consultation_price, rating, total_consultations, 
        status, profile_photo_url, bio_ar, bio_en, created_at, updated_at
    ) VALUES (
        '38282971-6346-4dc6-aa16-33442ef0a0fd', '425cace4-6780-4b11-b2b0-6d2cb2806f00', '100041', 'Family Medicine', 
        ARRAY['Women''s Health','Preventive Care'], 'Family Care Center', 
        15, 450, 4.4, 208, 
        'approved', '/images/doctors/ai_doctor_grey.png', 'طبيبة أسرة متخصصة في صحة المرأة والفحوصات الوقائية الشاملة.', 'Family Medicine Consultant focusing on women''s health and comprehensive preventive care.', now(), now()
    );
EXCEPTION WHEN unique_violation THEN NULL;
END $$;

INSERT INTO doctor_schedules (id, doctor_id, day_of_week, start_time, end_time, is_available)
VALUES
    (uuid_generate_v4(), '38282971-6346-4dc6-aa16-33442ef0a0fd', 1, '09:00', '17:00', true),
    (uuid_generate_v4(), '38282971-6346-4dc6-aa16-33442ef0a0fd', 2, '09:00', '17:00', true),
    (uuid_generate_v4(), '38282971-6346-4dc6-aa16-33442ef0a0fd', 3, '09:00', '14:00', true),
    (uuid_generate_v4(), '38282971-6346-4dc6-aa16-33442ef0a0fd', 4, '13:00', '21:00', true),
    (uuid_generate_v4(), '38282971-6346-4dc6-aa16-33442ef0a0fd', 0, '10:00', '16:00', true);

-- Doctor 43: Dr. Bashayer Al-Ali
DO $$
BEGIN
    -- Cleanup existing user with this email to prevent ID mismatch
    DELETE FROM auth.users WHERE email = 'bashayer.al-ali.142@marham.sa';
    
    INSERT INTO auth.users (
        id, instance_id, email, encrypted_password, email_confirmed_at, 
        created_at, updated_at, raw_app_meta_data, raw_user_meta_data, aud, role
    ) VALUES (
        '34394a8b-03d0-425d-9a67-55371561c29c', '00000000-0000-0000-0000-000000000000', 'bashayer.al-ali.142@marham.sa', 
        crypt('password123', gen_salt('bf')), now(), now(), now(), 
        '{"provider":"email","providers":["email"]}', 
        '{"full_name":"Dr. Bashayer Al-Ali","role":"doctor"}', 
        'authenticated', 'authenticated'
    );
EXCEPTION WHEN unique_violation THEN NULL;
END $$;

DO $$
BEGIN
    INSERT INTO profiles (id, role, full_name_ar, full_name_en, city, created_at, updated_at)
    VALUES (
        '34394a8b-03d0-425d-9a67-55371561c29c', 'doctor', 'د. سارة العلي', 'Dr. Bashayer Al-Ali', 'Khobar', now(), now()
    );
EXCEPTION WHEN unique_violation THEN NULL;
END $$;

DO $$
BEGIN
    INSERT INTO doctors (
        id, profile_id, scfhs_license, specialty, sub_specialties, hospital, 
        experience_years, consultation_price, rating, total_consultations, 
        status, profile_photo_url, bio_ar, bio_en, created_at, updated_at
    ) VALUES (
        '4e762bf7-4b92-4b22-b297-6595544b6ad5', '34394a8b-03d0-425d-9a67-55371561c29c', '100042', 'Breast Surgery', 
        ARRAY['Breast Oncology','Reconstructive Surgery'], 'King Fahad Medical City', 
        28, 200, 4.4, 233, 
        'approved', '/images/doctors/ai_doctor_blue.png', 'استشارية جراحة أورام الثدي والجراحة الترميمية. الكشف المبكر والعلاج الجراحي.', 'Consultant Breast Surgeon specializing in oncology and reconstructive surgery.', now(), now()
    );
EXCEPTION WHEN unique_violation THEN NULL;
END $$;

INSERT INTO doctor_schedules (id, doctor_id, day_of_week, start_time, end_time, is_available)
VALUES
    (uuid_generate_v4(), '4e762bf7-4b92-4b22-b297-6595544b6ad5', 1, '09:00', '17:00', true),
    (uuid_generate_v4(), '4e762bf7-4b92-4b22-b297-6595544b6ad5', 2, '09:00', '17:00', true),
    (uuid_generate_v4(), '4e762bf7-4b92-4b22-b297-6595544b6ad5', 3, '09:00', '14:00', true),
    (uuid_generate_v4(), '4e762bf7-4b92-4b22-b297-6595544b6ad5', 4, '13:00', '21:00', true),
    (uuid_generate_v4(), '4e762bf7-4b92-4b22-b297-6595544b6ad5', 0, '10:00', '16:00', true);

-- Doctor 44: Dr. Aisha Al-Khalid
DO $$
BEGIN
    -- Cleanup existing user with this email to prevent ID mismatch
    DELETE FROM auth.users WHERE email = 'aisha.al-khalid.143@marham.sa';
    
    INSERT INTO auth.users (
        id, instance_id, email, encrypted_password, email_confirmed_at, 
        created_at, updated_at, raw_app_meta_data, raw_user_meta_data, aud, role
    ) VALUES (
        '1c68f4ff-9c09-442c-a3cb-287db8b1988e', '00000000-0000-0000-0000-000000000000', 'aisha.al-khalid.143@marham.sa', 
        crypt('password123', gen_salt('bf')), now(), now(), now(), 
        '{"provider":"email","providers":["email"]}', 
        '{"full_name":"Dr. Aisha Al-Khalid","role":"doctor"}', 
        'authenticated', 'authenticated'
    );
EXCEPTION WHEN unique_violation THEN NULL;
END $$;

DO $$
BEGIN
    INSERT INTO profiles (id, role, full_name_ar, full_name_en, city, created_at, updated_at)
    VALUES (
        '1c68f4ff-9c09-442c-a3cb-287db8b1988e', 'doctor', 'د. نورا الخالد', 'Dr. Aisha Al-Khalid', 'Riyadh', now(), now()
    );
EXCEPTION WHEN unique_violation THEN NULL;
END $$;

DO $$
BEGIN
    INSERT INTO doctors (
        id, profile_id, scfhs_license, specialty, sub_specialties, hospital, 
        experience_years, consultation_price, rating, total_consultations, 
        status, profile_photo_url, bio_ar, bio_en, created_at, updated_at
    ) VALUES (
        'a0ca8999-84d1-4286-b4fd-638672576c20', '1c68f4ff-9c09-442c-a3cb-287db8b1988e', '100043', 'Dermatology', 
        ARRAY['Cosmetic Dermatology','Laser','Anti-Aging'], 'Kaya Skin Clinic', 
        8, 200, 4.4, 311, 
        'approved', '/images/doctors/ai_doctor_senior.png', 'استشارية جلدية وتجميل والليزر. متخصصة في الحقن التجميلي والعناية بالبشرة.', 'Consultant Dermatologist and Cosmetic Laser specialist. Expert in aesthetic injections and skin care.', now(), now()
    );
EXCEPTION WHEN unique_violation THEN NULL;
END $$;

INSERT INTO doctor_schedules (id, doctor_id, day_of_week, start_time, end_time, is_available)
VALUES
    (uuid_generate_v4(), 'a0ca8999-84d1-4286-b4fd-638672576c20', 1, '09:00', '17:00', true),
    (uuid_generate_v4(), 'a0ca8999-84d1-4286-b4fd-638672576c20', 2, '09:00', '17:00', true),
    (uuid_generate_v4(), 'a0ca8999-84d1-4286-b4fd-638672576c20', 3, '09:00', '14:00', true),
    (uuid_generate_v4(), 'a0ca8999-84d1-4286-b4fd-638672576c20', 4, '13:00', '21:00', true),
    (uuid_generate_v4(), 'a0ca8999-84d1-4286-b4fd-638672576c20', 0, '10:00', '16:00', true);

-- Doctor 45: Dr. Kholoud Al-Shehri
DO $$
BEGIN
    -- Cleanup existing user with this email to prevent ID mismatch
    DELETE FROM auth.users WHERE email = 'kholoud.al-shehri.144@marham.sa';
    
    INSERT INTO auth.users (
        id, instance_id, email, encrypted_password, email_confirmed_at, 
        created_at, updated_at, raw_app_meta_data, raw_user_meta_data, aud, role
    ) VALUES (
        '493adf1c-c2df-4f6c-ab2d-0b9be8eb2cfb', '00000000-0000-0000-0000-000000000000', 'kholoud.al-shehri.144@marham.sa', 
        crypt('password123', gen_salt('bf')), now(), now(), now(), 
        '{"provider":"email","providers":["email"]}', 
        '{"full_name":"Dr. Kholoud Al-Shehri","role":"doctor"}', 
        'authenticated', 'authenticated'
    );
EXCEPTION WHEN unique_violation THEN NULL;
END $$;

DO $$
BEGIN
    INSERT INTO profiles (id, role, full_name_ar, full_name_en, city, created_at, updated_at)
    VALUES (
        '493adf1c-c2df-4f6c-ab2d-0b9be8eb2cfb', 'doctor', 'د. هياء الشهري', 'Dr. Kholoud Al-Shehri', 'Mecca', now(), now()
    );
EXCEPTION WHEN unique_violation THEN NULL;
END $$;

DO $$
BEGIN
    INSERT INTO doctors (
        id, profile_id, scfhs_license, specialty, sub_specialties, hospital, 
        experience_years, consultation_price, rating, total_consultations, 
        status, profile_photo_url, bio_ar, bio_en, created_at, updated_at
    ) VALUES (
        '2c4a41b1-d8d9-431b-bf44-58c63fe3b086', '493adf1c-c2df-4f6c-ab2d-0b9be8eb2cfb', '100044', 'Dermatology', 
        ARRAY['Cosmetic Dermatology','Laser','Anti-Aging'], 'Habib Medical Group', 
        27, 200, 4.3, 123, 
        'approved', '/images/doctors/ai_doctor_beige.png', 'استشارية جلدية وتجميل والليزر. متخصصة في الحقن التجميلي والعناية بالبشرة.', 'Consultant Dermatologist and Cosmetic Laser specialist. Expert in aesthetic injections and skin care.', now(), now()
    );
EXCEPTION WHEN unique_violation THEN NULL;
END $$;

INSERT INTO doctor_schedules (id, doctor_id, day_of_week, start_time, end_time, is_available)
VALUES
    (uuid_generate_v4(), '2c4a41b1-d8d9-431b-bf44-58c63fe3b086', 1, '09:00', '17:00', true),
    (uuid_generate_v4(), '2c4a41b1-d8d9-431b-bf44-58c63fe3b086', 2, '09:00', '17:00', true),
    (uuid_generate_v4(), '2c4a41b1-d8d9-431b-bf44-58c63fe3b086', 3, '09:00', '14:00', true),
    (uuid_generate_v4(), '2c4a41b1-d8d9-431b-bf44-58c63fe3b086', 4, '13:00', '21:00', true),
    (uuid_generate_v4(), '2c4a41b1-d8d9-431b-bf44-58c63fe3b086', 0, '10:00', '16:00', true);

-- Doctor 46: Dr. Layla Al-Mutairi
DO $$
BEGIN
    -- Cleanup existing user with this email to prevent ID mismatch
    DELETE FROM auth.users WHERE email = 'layla.al-mutairi.145@marham.sa';
    
    INSERT INTO auth.users (
        id, instance_id, email, encrypted_password, email_confirmed_at, 
        created_at, updated_at, raw_app_meta_data, raw_user_meta_data, aud, role
    ) VALUES (
        'afeb24f4-f00a-42a2-a4c0-6ce490c3feee', '00000000-0000-0000-0000-000000000000', 'layla.al-mutairi.145@marham.sa', 
        crypt('password123', gen_salt('bf')), now(), now(), now(), 
        '{"provider":"email","providers":["email"]}', 
        '{"full_name":"Dr. Layla Al-Mutairi","role":"doctor"}', 
        'authenticated', 'authenticated'
    );
EXCEPTION WHEN unique_violation THEN NULL;
END $$;

DO $$
BEGIN
    INSERT INTO profiles (id, role, full_name_ar, full_name_en, city, created_at, updated_at)
    VALUES (
        'afeb24f4-f00a-42a2-a4c0-6ce490c3feee', 'doctor', 'د. ريم المطيري', 'Dr. Layla Al-Mutairi', 'Mecca', now(), now()
    );
EXCEPTION WHEN unique_violation THEN NULL;
END $$;

DO $$
BEGIN
    INSERT INTO doctors (
        id, profile_id, scfhs_license, specialty, sub_specialties, hospital, 
        experience_years, consultation_price, rating, total_consultations, 
        status, profile_photo_url, bio_ar, bio_en, created_at, updated_at
    ) VALUES (
        '3f985776-6e20-4449-97b3-99d0fb9ace79', 'afeb24f4-f00a-42a2-a4c0-6ce490c3feee', '100045', 'Dermatology', 
        ARRAY['Cosmetic Dermatology','Laser','Anti-Aging'], 'Kaya Skin Clinic', 
        23, 500, 4.9, 190, 
        'approved', '/images/doctors/doctor_noura_alrashid_1764849899936.png', 'استشارية جلدية وتجميل والليزر. متخصصة في الحقن التجميلي والعناية بالبشرة.', 'Consultant Dermatologist and Cosmetic Laser specialist. Expert in aesthetic injections and skin care.', now(), now()
    );
EXCEPTION WHEN unique_violation THEN NULL;
END $$;

INSERT INTO doctor_schedules (id, doctor_id, day_of_week, start_time, end_time, is_available)
VALUES
    (uuid_generate_v4(), '3f985776-6e20-4449-97b3-99d0fb9ace79', 1, '09:00', '17:00', true),
    (uuid_generate_v4(), '3f985776-6e20-4449-97b3-99d0fb9ace79', 2, '09:00', '17:00', true),
    (uuid_generate_v4(), '3f985776-6e20-4449-97b3-99d0fb9ace79', 3, '09:00', '14:00', true),
    (uuid_generate_v4(), '3f985776-6e20-4449-97b3-99d0fb9ace79', 4, '13:00', '21:00', true),
    (uuid_generate_v4(), '3f985776-6e20-4449-97b3-99d0fb9ace79', 0, '10:00', '16:00', true);

-- Doctor 47: Dr. Aisha Al-Zahrani
DO $$
BEGIN
    -- Cleanup existing user with this email to prevent ID mismatch
    DELETE FROM auth.users WHERE email = 'aisha.al-zahrani.146@marham.sa';
    
    INSERT INTO auth.users (
        id, instance_id, email, encrypted_password, email_confirmed_at, 
        created_at, updated_at, raw_app_meta_data, raw_user_meta_data, aud, role
    ) VALUES (
        '949999ca-7b7c-4390-8dd9-f39b68dd4158', '00000000-0000-0000-0000-000000000000', 'aisha.al-zahrani.146@marham.sa', 
        crypt('password123', gen_salt('bf')), now(), now(), now(), 
        '{"provider":"email","providers":["email"]}', 
        '{"full_name":"Dr. Aisha Al-Zahrani","role":"doctor"}', 
        'authenticated', 'authenticated'
    );
EXCEPTION WHEN unique_violation THEN NULL;
END $$;

DO $$
BEGIN
    INSERT INTO profiles (id, role, full_name_ar, full_name_en, city, created_at, updated_at)
    VALUES (
        '949999ca-7b7c-4390-8dd9-f39b68dd4158', 'doctor', 'د. الجوهرة الزهراني', 'Dr. Aisha Al-Zahrani', 'Medina', now(), now()
    );
EXCEPTION WHEN unique_violation THEN NULL;
END $$;

DO $$
BEGIN
    INSERT INTO doctors (
        id, profile_id, scfhs_license, specialty, sub_specialties, hospital, 
        experience_years, consultation_price, rating, total_consultations, 
        status, profile_photo_url, bio_ar, bio_en, created_at, updated_at
    ) VALUES (
        '484de105-1b94-4df1-ae88-a4a8612e87bc', '949999ca-7b7c-4390-8dd9-f39b68dd4158', '100046', 'OB/GYN', 
        ARRAY['Cosmetic Gynecology','Laser Therapy'], 'Kaya Skin Clinic', 
        15, 250, 4.2, 542, 
        'approved', '/images/doctors/doctor_sarah_ahmed_1764849887752.png', 'استشارية النساء والولادة والتجميل النسائي. متخصصة في الإجراءات التجميلية والعلاجية بالليزر.', 'Consultant OB/GYN specializing in cosmetic gynecology and laser therapies.', now(), now()
    );
EXCEPTION WHEN unique_violation THEN NULL;
END $$;

INSERT INTO doctor_schedules (id, doctor_id, day_of_week, start_time, end_time, is_available)
VALUES
    (uuid_generate_v4(), '484de105-1b94-4df1-ae88-a4a8612e87bc', 1, '09:00', '17:00', true),
    (uuid_generate_v4(), '484de105-1b94-4df1-ae88-a4a8612e87bc', 2, '09:00', '17:00', true),
    (uuid_generate_v4(), '484de105-1b94-4df1-ae88-a4a8612e87bc', 3, '09:00', '14:00', true),
    (uuid_generate_v4(), '484de105-1b94-4df1-ae88-a4a8612e87bc', 4, '13:00', '21:00', true),
    (uuid_generate_v4(), '484de105-1b94-4df1-ae88-a4a8612e87bc', 0, '10:00', '16:00', true);

-- Doctor 48: Dr. Samar Al-Mutairi
DO $$
BEGIN
    -- Cleanup existing user with this email to prevent ID mismatch
    DELETE FROM auth.users WHERE email = 'samar.al-mutairi.147@marham.sa';
    
    INSERT INTO auth.users (
        id, instance_id, email, encrypted_password, email_confirmed_at, 
        created_at, updated_at, raw_app_meta_data, raw_user_meta_data, aud, role
    ) VALUES (
        '8a37c146-3857-4914-b2ae-5a988a082f4e', '00000000-0000-0000-0000-000000000000', 'samar.al-mutairi.147@marham.sa', 
        crypt('password123', gen_salt('bf')), now(), now(), now(), 
        '{"provider":"email","providers":["email"]}', 
        '{"full_name":"Dr. Samar Al-Mutairi","role":"doctor"}', 
        'authenticated', 'authenticated'
    );
EXCEPTION WHEN unique_violation THEN NULL;
END $$;

DO $$
BEGIN
    INSERT INTO profiles (id, role, full_name_ar, full_name_en, city, created_at, updated_at)
    VALUES (
        '8a37c146-3857-4914-b2ae-5a988a082f4e', 'doctor', 'د. ليلى المطيري', 'Dr. Samar Al-Mutairi', 'Mecca', now(), now()
    );
EXCEPTION WHEN unique_violation THEN NULL;
END $$;

DO $$
BEGIN
    INSERT INTO doctors (
        id, profile_id, scfhs_license, specialty, sub_specialties, hospital, 
        experience_years, consultation_price, rating, total_consultations, 
        status, profile_photo_url, bio_ar, bio_en, created_at, updated_at
    ) VALUES (
        '32df0d19-1211-4573-9cc6-c5faeef8ea88', '8a37c146-3857-4914-b2ae-5a988a082f4e', '100047', 'OB/GYN', 
        ARRAY['Infertility & IVF','Pregnancy Follow-up','Fetal Medicine'], 'King Faisal Specialist Hospital', 
        19, 450, 4.8, 301, 
        'approved', '/images/doctors/doctor_leila_khalid_1764849830840.png', 'استشارية أمراض النساء والولادة وعلاج العقم. خبرة واسعة في متابعة الحمل عالي الخطورة وعمليات أطفال الأنابيب.', 'Consultant OB/GYN and Infertility specialist. Extensive experience in high-risk pregnancies and IVF procedures.', now(), now()
    );
EXCEPTION WHEN unique_violation THEN NULL;
END $$;

INSERT INTO doctor_schedules (id, doctor_id, day_of_week, start_time, end_time, is_available)
VALUES
    (uuid_generate_v4(), '32df0d19-1211-4573-9cc6-c5faeef8ea88', 1, '09:00', '17:00', true),
    (uuid_generate_v4(), '32df0d19-1211-4573-9cc6-c5faeef8ea88', 2, '09:00', '17:00', true),
    (uuid_generate_v4(), '32df0d19-1211-4573-9cc6-c5faeef8ea88', 3, '09:00', '14:00', true),
    (uuid_generate_v4(), '32df0d19-1211-4573-9cc6-c5faeef8ea88', 4, '13:00', '21:00', true),
    (uuid_generate_v4(), '32df0d19-1211-4573-9cc6-c5faeef8ea88', 0, '10:00', '16:00', true);

-- Doctor 49: Dr. Tahani Al-Ghamdi
DO $$
BEGIN
    -- Cleanup existing user with this email to prevent ID mismatch
    DELETE FROM auth.users WHERE email = 'tahani.al-ghamdi.148@marham.sa';
    
    INSERT INTO auth.users (
        id, instance_id, email, encrypted_password, email_confirmed_at, 
        created_at, updated_at, raw_app_meta_data, raw_user_meta_data, aud, role
    ) VALUES (
        '78988751-45a5-4a57-9d96-aca454b5e1a3', '00000000-0000-0000-0000-000000000000', 'tahani.al-ghamdi.148@marham.sa', 
        crypt('password123', gen_salt('bf')), now(), now(), now(), 
        '{"provider":"email","providers":["email"]}', 
        '{"full_name":"Dr. Tahani Al-Ghamdi","role":"doctor"}', 
        'authenticated', 'authenticated'
    );
EXCEPTION WHEN unique_violation THEN NULL;
END $$;

DO $$
BEGIN
    INSERT INTO profiles (id, role, full_name_ar, full_name_en, city, created_at, updated_at)
    VALUES (
        '78988751-45a5-4a57-9d96-aca454b5e1a3', 'doctor', 'د. سارة الغامدي', 'Dr. Tahani Al-Ghamdi', 'Khobar', now(), now()
    );
EXCEPTION WHEN unique_violation THEN NULL;
END $$;

DO $$
BEGIN
    INSERT INTO doctors (
        id, profile_id, scfhs_license, specialty, sub_specialties, hospital, 
        experience_years, consultation_price, rating, total_consultations, 
        status, profile_photo_url, bio_ar, bio_en, created_at, updated_at
    ) VALUES (
        '1cdf749e-6ccd-4214-9e0b-8098842ecfbc', '78988751-45a5-4a57-9d96-aca454b5e1a3', '100048', 'Breast Surgery', 
        ARRAY['Breast Oncology','Reconstructive Surgery'], 'King Faisal Specialist Hospital', 
        28, 200, 4.3, 187, 
        'approved', '/images/doctors/doctor_fatima_ali_1764849767672.png', 'استشارية جراحة أورام الثدي والجراحة الترميمية. الكشف المبكر والعلاج الجراحي.', 'Consultant Breast Surgeon specializing in oncology and reconstructive surgery.', now(), now()
    );
EXCEPTION WHEN unique_violation THEN NULL;
END $$;

INSERT INTO doctor_schedules (id, doctor_id, day_of_week, start_time, end_time, is_available)
VALUES
    (uuid_generate_v4(), '1cdf749e-6ccd-4214-9e0b-8098842ecfbc', 1, '09:00', '17:00', true),
    (uuid_generate_v4(), '1cdf749e-6ccd-4214-9e0b-8098842ecfbc', 2, '09:00', '17:00', true),
    (uuid_generate_v4(), '1cdf749e-6ccd-4214-9e0b-8098842ecfbc', 3, '09:00', '14:00', true),
    (uuid_generate_v4(), '1cdf749e-6ccd-4214-9e0b-8098842ecfbc', 4, '13:00', '21:00', true),
    (uuid_generate_v4(), '1cdf749e-6ccd-4214-9e0b-8098842ecfbc', 0, '10:00', '16:00', true);

-- Doctor 50: Dr. Bashayer Al-Omari
DO $$
BEGIN
    -- Cleanup existing user with this email to prevent ID mismatch
    DELETE FROM auth.users WHERE email = 'bashayer.al-omari.149@marham.sa';
    
    INSERT INTO auth.users (
        id, instance_id, email, encrypted_password, email_confirmed_at, 
        created_at, updated_at, raw_app_meta_data, raw_user_meta_data, aud, role
    ) VALUES (
        '099b8c79-c110-4a80-9df1-65b4681fbb6b', '00000000-0000-0000-0000-000000000000', 'bashayer.al-omari.149@marham.sa', 
        crypt('password123', gen_salt('bf')), now(), now(), now(), 
        '{"provider":"email","providers":["email"]}', 
        '{"full_name":"Dr. Bashayer Al-Omari","role":"doctor"}', 
        'authenticated', 'authenticated'
    );
EXCEPTION WHEN unique_violation THEN NULL;
END $$;

DO $$
BEGIN
    INSERT INTO profiles (id, role, full_name_ar, full_name_en, city, created_at, updated_at)
    VALUES (
        '099b8c79-c110-4a80-9df1-65b4681fbb6b', 'doctor', 'د. نورا العمري', 'Dr. Bashayer Al-Omari', 'Medina', now(), now()
    );
EXCEPTION WHEN unique_violation THEN NULL;
END $$;

DO $$
BEGIN
    INSERT INTO doctors (
        id, profile_id, scfhs_license, specialty, sub_specialties, hospital, 
        experience_years, consultation_price, rating, total_consultations, 
        status, profile_photo_url, bio_ar, bio_en, created_at, updated_at
    ) VALUES (
        '2db60861-7e70-457d-9fa9-60e4b428598e', '099b8c79-c110-4a80-9df1-65b4681fbb6b', '100049', 'Mental Health', 
        ARRAY['Women''s Psychiatry','Postpartum Depression','Anxiety'], 'Maudsley Health', 
        17, 450, 4.5, 422, 
        'approved', '/images/doctors/doctor_amira_fahad_1764849818816.png', 'استشارية الطب النفسي، متخصصة في صحة المرأة النفسية، واكتئاب ما بعد الولادة والقلق.', 'Consultant Psychiatrist specializing in women''s mental health, postpartum depression, and anxiety.', now(), now()
    );
EXCEPTION WHEN unique_violation THEN NULL;
END $$;

INSERT INTO doctor_schedules (id, doctor_id, day_of_week, start_time, end_time, is_available)
VALUES
    (uuid_generate_v4(), '2db60861-7e70-457d-9fa9-60e4b428598e', 1, '09:00', '17:00', true),
    (uuid_generate_v4(), '2db60861-7e70-457d-9fa9-60e4b428598e', 2, '09:00', '17:00', true),
    (uuid_generate_v4(), '2db60861-7e70-457d-9fa9-60e4b428598e', 3, '09:00', '14:00', true),
    (uuid_generate_v4(), '2db60861-7e70-457d-9fa9-60e4b428598e', 4, '13:00', '21:00', true),
    (uuid_generate_v4(), '2db60861-7e70-457d-9fa9-60e4b428598e', 0, '10:00', '16:00', true);

-- Doctor 51: Dr. Noura Al-Omari
DO $$
BEGIN
    -- Cleanup existing user with this email to prevent ID mismatch
    DELETE FROM auth.users WHERE email = 'noura.al-omari.150@marham.sa';
    
    INSERT INTO auth.users (
        id, instance_id, email, encrypted_password, email_confirmed_at, 
        created_at, updated_at, raw_app_meta_data, raw_user_meta_data, aud, role
    ) VALUES (
        '4dc0033b-cb3e-46f9-88eb-54c480b41a85', '00000000-0000-0000-0000-000000000000', 'noura.al-omari.150@marham.sa', 
        crypt('password123', gen_salt('bf')), now(), now(), now(), 
        '{"provider":"email","providers":["email"]}', 
        '{"full_name":"Dr. Noura Al-Omari","role":"doctor"}', 
        'authenticated', 'authenticated'
    );
EXCEPTION WHEN unique_violation THEN NULL;
END $$;

DO $$
BEGIN
    INSERT INTO profiles (id, role, full_name_ar, full_name_en, city, created_at, updated_at)
    VALUES (
        '4dc0033b-cb3e-46f9-88eb-54c480b41a85', 'doctor', 'د. ريم العمري', 'Dr. Noura Al-Omari', 'Mecca', now(), now()
    );
EXCEPTION WHEN unique_violation THEN NULL;
END $$;

DO $$
BEGIN
    INSERT INTO doctors (
        id, profile_id, scfhs_license, specialty, sub_specialties, hospital, 
        experience_years, consultation_price, rating, total_consultations, 
        status, profile_photo_url, bio_ar, bio_en, created_at, updated_at
    ) VALUES (
        '3c46f72c-852f-46e2-8d3a-ae51b1b14b00', '4dc0033b-cb3e-46f9-88eb-54c480b41a85', '100050', 'OB/GYN', 
        ARRAY['Cosmetic Gynecology','Laser Therapy'], 'Derma Clinic', 
        13, 500, 4.3, 399, 
        'approved', '/images/doctors/ai_doctor_grey.png', 'استشارية النساء والولادة والتجميل النسائي. متخصصة في الإجراءات التجميلية والعلاجية بالليزر.', 'Consultant OB/GYN specializing in cosmetic gynecology and laser therapies.', now(), now()
    );
EXCEPTION WHEN unique_violation THEN NULL;
END $$;

INSERT INTO doctor_schedules (id, doctor_id, day_of_week, start_time, end_time, is_available)
VALUES
    (uuid_generate_v4(), '3c46f72c-852f-46e2-8d3a-ae51b1b14b00', 1, '09:00', '17:00', true),
    (uuid_generate_v4(), '3c46f72c-852f-46e2-8d3a-ae51b1b14b00', 2, '09:00', '17:00', true),
    (uuid_generate_v4(), '3c46f72c-852f-46e2-8d3a-ae51b1b14b00', 3, '09:00', '14:00', true),
    (uuid_generate_v4(), '3c46f72c-852f-46e2-8d3a-ae51b1b14b00', 4, '13:00', '21:00', true),
    (uuid_generate_v4(), '3c46f72c-852f-46e2-8d3a-ae51b1b14b00', 0, '10:00', '16:00', true);

-- Doctor 52: Dr. Hessa Al-Khalid
DO $$
BEGIN
    -- Cleanup existing user with this email to prevent ID mismatch
    DELETE FROM auth.users WHERE email = 'hessa.al-khalid.151@marham.sa';
    
    INSERT INTO auth.users (
        id, instance_id, email, encrypted_password, email_confirmed_at, 
        created_at, updated_at, raw_app_meta_data, raw_user_meta_data, aud, role
    ) VALUES (
        '800a39cf-5ab2-44f4-9e38-1163a5d55ecf', '00000000-0000-0000-0000-000000000000', 'hessa.al-khalid.151@marham.sa', 
        crypt('password123', gen_salt('bf')), now(), now(), now(), 
        '{"provider":"email","providers":["email"]}', 
        '{"full_name":"Dr. Hessa Al-Khalid","role":"doctor"}', 
        'authenticated', 'authenticated'
    );
EXCEPTION WHEN unique_violation THEN NULL;
END $$;

DO $$
BEGIN
    INSERT INTO profiles (id, role, full_name_ar, full_name_en, city, created_at, updated_at)
    VALUES (
        '800a39cf-5ab2-44f4-9e38-1163a5d55ecf', 'doctor', 'د. مها الخالد', 'Dr. Hessa Al-Khalid', 'Medina', now(), now()
    );
EXCEPTION WHEN unique_violation THEN NULL;
END $$;

DO $$
BEGIN
    INSERT INTO doctors (
        id, profile_id, scfhs_license, specialty, sub_specialties, hospital, 
        experience_years, consultation_price, rating, total_consultations, 
        status, profile_photo_url, bio_ar, bio_en, created_at, updated_at
    ) VALUES (
        '32289b77-8703-453f-8d70-424ed31553bc', '800a39cf-5ab2-44f4-9e38-1163a5d55ecf', '100051', 'Nutrition', 
        ARRAY['Weight Management','Pregnancy Nutrition','PCOS Diet'], 'Habib Medical Group', 
        19, 150, 4.8, 271, 
        'approved', '/images/doctors/ai_doctor_blue.png', 'أخصائية تغذية علاجية، برامج متخصصة لمرضى تكيس المبايض وتغذية الحوامل وإنقاص الوزن.', 'Clinical Nutritionist specializing in PCOS management, pregnancy nutrition, and weight loss.', now(), now()
    );
EXCEPTION WHEN unique_violation THEN NULL;
END $$;

INSERT INTO doctor_schedules (id, doctor_id, day_of_week, start_time, end_time, is_available)
VALUES
    (uuid_generate_v4(), '32289b77-8703-453f-8d70-424ed31553bc', 1, '09:00', '17:00', true),
    (uuid_generate_v4(), '32289b77-8703-453f-8d70-424ed31553bc', 2, '09:00', '17:00', true),
    (uuid_generate_v4(), '32289b77-8703-453f-8d70-424ed31553bc', 3, '09:00', '14:00', true),
    (uuid_generate_v4(), '32289b77-8703-453f-8d70-424ed31553bc', 4, '13:00', '21:00', true),
    (uuid_generate_v4(), '32289b77-8703-453f-8d70-424ed31553bc', 0, '10:00', '16:00', true);

-- Doctor 53: Dr. Tahani Al-Shamrani
DO $$
BEGIN
    -- Cleanup existing user with this email to prevent ID mismatch
    DELETE FROM auth.users WHERE email = 'tahani.al-shamrani.152@marham.sa';
    
    INSERT INTO auth.users (
        id, instance_id, email, encrypted_password, email_confirmed_at, 
        created_at, updated_at, raw_app_meta_data, raw_user_meta_data, aud, role
    ) VALUES (
        'e4dc20bb-2704-40ea-b06a-2a638b8d6c66', '00000000-0000-0000-0000-000000000000', 'tahani.al-shamrani.152@marham.sa', 
        crypt('password123', gen_salt('bf')), now(), now(), now(), 
        '{"provider":"email","providers":["email"]}', 
        '{"full_name":"Dr. Tahani Al-Shamrani","role":"doctor"}', 
        'authenticated', 'authenticated'
    );
EXCEPTION WHEN unique_violation THEN NULL;
END $$;

DO $$
BEGIN
    INSERT INTO profiles (id, role, full_name_ar, full_name_en, city, created_at, updated_at)
    VALUES (
        'e4dc20bb-2704-40ea-b06a-2a638b8d6c66', 'doctor', 'د. فاطمة الشمراني', 'Dr. Tahani Al-Shamrani', 'Mecca', now(), now()
    );
EXCEPTION WHEN unique_violation THEN NULL;
END $$;

DO $$
BEGIN
    INSERT INTO doctors (
        id, profile_id, scfhs_license, specialty, sub_specialties, hospital, 
        experience_years, consultation_price, rating, total_consultations, 
        status, profile_photo_url, bio_ar, bio_en, created_at, updated_at
    ) VALUES (
        '2fbc8e5f-9cae-4c96-b3d9-bebd2383eec2', 'e4dc20bb-2704-40ea-b06a-2a638b8d6c66', '100052', 'Nutrition', 
        ARRAY['Weight Management','Pregnancy Nutrition','PCOS Diet'], 'Diet Center', 
        10, 500, 4.5, 365, 
        'approved', '/images/doctors/ai_doctor_senior.png', 'أخصائية تغذية علاجية، برامج متخصصة لمرضى تكيس المبايض وتغذية الحوامل وإنقاص الوزن.', 'Clinical Nutritionist specializing in PCOS management, pregnancy nutrition, and weight loss.', now(), now()
    );
EXCEPTION WHEN unique_violation THEN NULL;
END $$;

INSERT INTO doctor_schedules (id, doctor_id, day_of_week, start_time, end_time, is_available)
VALUES
    (uuid_generate_v4(), '2fbc8e5f-9cae-4c96-b3d9-bebd2383eec2', 1, '09:00', '17:00', true),
    (uuid_generate_v4(), '2fbc8e5f-9cae-4c96-b3d9-bebd2383eec2', 2, '09:00', '17:00', true),
    (uuid_generate_v4(), '2fbc8e5f-9cae-4c96-b3d9-bebd2383eec2', 3, '09:00', '14:00', true),
    (uuid_generate_v4(), '2fbc8e5f-9cae-4c96-b3d9-bebd2383eec2', 4, '13:00', '21:00', true),
    (uuid_generate_v4(), '2fbc8e5f-9cae-4c96-b3d9-bebd2383eec2', 0, '10:00', '16:00', true);

-- Doctor 54: Dr. Latifa Al-Ali
DO $$
BEGIN
    -- Cleanup existing user with this email to prevent ID mismatch
    DELETE FROM auth.users WHERE email = 'latifa.al-ali.153@marham.sa';
    
    INSERT INTO auth.users (
        id, instance_id, email, encrypted_password, email_confirmed_at, 
        created_at, updated_at, raw_app_meta_data, raw_user_meta_data, aud, role
    ) VALUES (
        'dc95f38b-a918-42f9-a1e4-129d337eaa55', '00000000-0000-0000-0000-000000000000', 'latifa.al-ali.153@marham.sa', 
        crypt('password123', gen_salt('bf')), now(), now(), now(), 
        '{"provider":"email","providers":["email"]}', 
        '{"full_name":"Dr. Latifa Al-Ali","role":"doctor"}', 
        'authenticated', 'authenticated'
    );
EXCEPTION WHEN unique_violation THEN NULL;
END $$;

DO $$
BEGIN
    INSERT INTO profiles (id, role, full_name_ar, full_name_en, city, created_at, updated_at)
    VALUES (
        'dc95f38b-a918-42f9-a1e4-129d337eaa55', 'doctor', 'د. جميلة العلي', 'Dr. Latifa Al-Ali', 'Jeddah', now(), now()
    );
EXCEPTION WHEN unique_violation THEN NULL;
END $$;

DO $$
BEGIN
    INSERT INTO doctors (
        id, profile_id, scfhs_license, specialty, sub_specialties, hospital, 
        experience_years, consultation_price, rating, total_consultations, 
        status, profile_photo_url, bio_ar, bio_en, created_at, updated_at
    ) VALUES (
        'de3fd838-1244-424d-9287-9791500da41d', 'dc95f38b-a918-42f9-a1e4-129d337eaa55', '100053', 'Breast Surgery', 
        ARRAY['Breast Oncology','Reconstructive Surgery'], 'King Faisal Specialist Hospital', 
        15, 200, 4.3, 82, 
        'approved', '/images/doctors/ai_doctor_beige.png', 'استشارية جراحة أورام الثدي والجراحة الترميمية. الكشف المبكر والعلاج الجراحي.', 'Consultant Breast Surgeon specializing in oncology and reconstructive surgery.', now(), now()
    );
EXCEPTION WHEN unique_violation THEN NULL;
END $$;

INSERT INTO doctor_schedules (id, doctor_id, day_of_week, start_time, end_time, is_available)
VALUES
    (uuid_generate_v4(), 'de3fd838-1244-424d-9287-9791500da41d', 1, '09:00', '17:00', true),
    (uuid_generate_v4(), 'de3fd838-1244-424d-9287-9791500da41d', 2, '09:00', '17:00', true),
    (uuid_generate_v4(), 'de3fd838-1244-424d-9287-9791500da41d', 3, '09:00', '14:00', true),
    (uuid_generate_v4(), 'de3fd838-1244-424d-9287-9791500da41d', 4, '13:00', '21:00', true),
    (uuid_generate_v4(), 'de3fd838-1244-424d-9287-9791500da41d', 0, '10:00', '16:00', true);

-- Doctor 55: Dr. Bashayer Al-Mutairi
DO $$
BEGIN
    -- Cleanup existing user with this email to prevent ID mismatch
    DELETE FROM auth.users WHERE email = 'bashayer.al-mutairi.154@marham.sa';
    
    INSERT INTO auth.users (
        id, instance_id, email, encrypted_password, email_confirmed_at, 
        created_at, updated_at, raw_app_meta_data, raw_user_meta_data, aud, role
    ) VALUES (
        '5cd0a5d8-845b-4d15-8c09-82d3a4e7d58d', '00000000-0000-0000-0000-000000000000', 'bashayer.al-mutairi.154@marham.sa', 
        crypt('password123', gen_salt('bf')), now(), now(), now(), 
        '{"provider":"email","providers":["email"]}', 
        '{"full_name":"Dr. Bashayer Al-Mutairi","role":"doctor"}', 
        'authenticated', 'authenticated'
    );
EXCEPTION WHEN unique_violation THEN NULL;
END $$;

DO $$
BEGIN
    INSERT INTO profiles (id, role, full_name_ar, full_name_en, city, created_at, updated_at)
    VALUES (
        '5cd0a5d8-845b-4d15-8c09-82d3a4e7d58d', 'doctor', 'د. هياء المطيري', 'Dr. Bashayer Al-Mutairi', 'Jeddah', now(), now()
    );
EXCEPTION WHEN unique_violation THEN NULL;
END $$;

DO $$
BEGIN
    INSERT INTO doctors (
        id, profile_id, scfhs_license, specialty, sub_specialties, hospital, 
        experience_years, consultation_price, rating, total_consultations, 
        status, profile_photo_url, bio_ar, bio_en, created_at, updated_at
    ) VALUES (
        'a8bac2f0-606e-4b8c-846b-dbd6a8d90907', '5cd0a5d8-845b-4d15-8c09-82d3a4e7d58d', '100054', 'Dermatology', 
        ARRAY['Cosmetic Dermatology','Laser','Anti-Aging'], 'Kaya Skin Clinic', 
        26, 150, 5.0, 330, 
        'approved', '/images/doctors/doctor_noura_alrashid_1764849899936.png', 'استشارية جلدية وتجميل والليزر. متخصصة في الحقن التجميلي والعناية بالبشرة.', 'Consultant Dermatologist and Cosmetic Laser specialist. Expert in aesthetic injections and skin care.', now(), now()
    );
EXCEPTION WHEN unique_violation THEN NULL;
END $$;

INSERT INTO doctor_schedules (id, doctor_id, day_of_week, start_time, end_time, is_available)
VALUES
    (uuid_generate_v4(), 'a8bac2f0-606e-4b8c-846b-dbd6a8d90907', 1, '09:00', '17:00', true),
    (uuid_generate_v4(), 'a8bac2f0-606e-4b8c-846b-dbd6a8d90907', 2, '09:00', '17:00', true),
    (uuid_generate_v4(), 'a8bac2f0-606e-4b8c-846b-dbd6a8d90907', 3, '09:00', '14:00', true),
    (uuid_generate_v4(), 'a8bac2f0-606e-4b8c-846b-dbd6a8d90907', 4, '13:00', '21:00', true),
    (uuid_generate_v4(), 'a8bac2f0-606e-4b8c-846b-dbd6a8d90907', 0, '10:00', '16:00', true);

-- Doctor 56: Dr. Haya Al-Dossari
DO $$
BEGIN
    -- Cleanup existing user with this email to prevent ID mismatch
    DELETE FROM auth.users WHERE email = 'haya.al-dossari.155@marham.sa';
    
    INSERT INTO auth.users (
        id, instance_id, email, encrypted_password, email_confirmed_at, 
        created_at, updated_at, raw_app_meta_data, raw_user_meta_data, aud, role
    ) VALUES (
        '0eb73447-3e7b-4616-ba82-3da7d50b8d93', '00000000-0000-0000-0000-000000000000', 'haya.al-dossari.155@marham.sa', 
        crypt('password123', gen_salt('bf')), now(), now(), now(), 
        '{"provider":"email","providers":["email"]}', 
        '{"full_name":"Dr. Haya Al-Dossari","role":"doctor"}', 
        'authenticated', 'authenticated'
    );
EXCEPTION WHEN unique_violation THEN NULL;
END $$;

DO $$
BEGIN
    INSERT INTO profiles (id, role, full_name_ar, full_name_en, city, created_at, updated_at)
    VALUES (
        '0eb73447-3e7b-4616-ba82-3da7d50b8d93', 'doctor', 'د. فاطمة الدوسري', 'Dr. Haya Al-Dossari', 'Mecca', now(), now()
    );
EXCEPTION WHEN unique_violation THEN NULL;
END $$;

DO $$
BEGIN
    INSERT INTO doctors (
        id, profile_id, scfhs_license, specialty, sub_specialties, hospital, 
        experience_years, consultation_price, rating, total_consultations, 
        status, profile_photo_url, bio_ar, bio_en, created_at, updated_at
    ) VALUES (
        'd7a768e7-ca83-42f1-849d-ce38e8004122', '0eb73447-3e7b-4616-ba82-3da7d50b8d93', '100055', 'OB/GYN', 
        ARRAY['Cosmetic Gynecology','Laser Therapy'], 'Kaya Skin Clinic', 
        7, 450, 4.6, 449, 
        'approved', '/images/doctors/doctor_sarah_ahmed_1764849887752.png', 'استشارية النساء والولادة والتجميل النسائي. متخصصة في الإجراءات التجميلية والعلاجية بالليزر.', 'Consultant OB/GYN specializing in cosmetic gynecology and laser therapies.', now(), now()
    );
EXCEPTION WHEN unique_violation THEN NULL;
END $$;

INSERT INTO doctor_schedules (id, doctor_id, day_of_week, start_time, end_time, is_available)
VALUES
    (uuid_generate_v4(), 'd7a768e7-ca83-42f1-849d-ce38e8004122', 1, '09:00', '17:00', true),
    (uuid_generate_v4(), 'd7a768e7-ca83-42f1-849d-ce38e8004122', 2, '09:00', '17:00', true),
    (uuid_generate_v4(), 'd7a768e7-ca83-42f1-849d-ce38e8004122', 3, '09:00', '14:00', true),
    (uuid_generate_v4(), 'd7a768e7-ca83-42f1-849d-ce38e8004122', 4, '13:00', '21:00', true),
    (uuid_generate_v4(), 'd7a768e7-ca83-42f1-849d-ce38e8004122', 0, '10:00', '16:00', true);

-- Doctor 57: Dr. Asma Al-Ali
DO $$
BEGIN
    -- Cleanup existing user with this email to prevent ID mismatch
    DELETE FROM auth.users WHERE email = 'asma.al-ali.156@marham.sa';
    
    INSERT INTO auth.users (
        id, instance_id, email, encrypted_password, email_confirmed_at, 
        created_at, updated_at, raw_app_meta_data, raw_user_meta_data, aud, role
    ) VALUES (
        '7a392eca-7cfc-4abb-9bde-9e287482defe', '00000000-0000-0000-0000-000000000000', 'asma.al-ali.156@marham.sa', 
        crypt('password123', gen_salt('bf')), now(), now(), now(), 
        '{"provider":"email","providers":["email"]}', 
        '{"full_name":"Dr. Asma Al-Ali","role":"doctor"}', 
        'authenticated', 'authenticated'
    );
EXCEPTION WHEN unique_violation THEN NULL;
END $$;

DO $$
BEGIN
    INSERT INTO profiles (id, role, full_name_ar, full_name_en, city, created_at, updated_at)
    VALUES (
        '7a392eca-7cfc-4abb-9bde-9e287482defe', 'doctor', 'د. سارة العلي', 'Dr. Asma Al-Ali', 'Jeddah', now(), now()
    );
EXCEPTION WHEN unique_violation THEN NULL;
END $$;

DO $$
BEGIN
    INSERT INTO doctors (
        id, profile_id, scfhs_license, specialty, sub_specialties, hospital, 
        experience_years, consultation_price, rating, total_consultations, 
        status, profile_photo_url, bio_ar, bio_en, created_at, updated_at
    ) VALUES (
        'd634c1bd-cf93-45ac-b73e-17f0865b6da5', '7a392eca-7cfc-4abb-9bde-9e287482defe', '100056', 'OB/GYN', 
        ARRAY['Infertility & IVF','Pregnancy Follow-up','Fetal Medicine'], 'King Faisal Specialist Hospital', 
        28, 500, 4.2, 279, 
        'approved', '/images/doctors/doctor_leila_khalid_1764849830840.png', 'استشارية أمراض النساء والولادة وعلاج العقم. خبرة واسعة في متابعة الحمل عالي الخطورة وعمليات أطفال الأنابيب.', 'Consultant OB/GYN and Infertility specialist. Extensive experience in high-risk pregnancies and IVF procedures.', now(), now()
    );
EXCEPTION WHEN unique_violation THEN NULL;
END $$;

INSERT INTO doctor_schedules (id, doctor_id, day_of_week, start_time, end_time, is_available)
VALUES
    (uuid_generate_v4(), 'd634c1bd-cf93-45ac-b73e-17f0865b6da5', 1, '09:00', '17:00', true),
    (uuid_generate_v4(), 'd634c1bd-cf93-45ac-b73e-17f0865b6da5', 2, '09:00', '17:00', true),
    (uuid_generate_v4(), 'd634c1bd-cf93-45ac-b73e-17f0865b6da5', 3, '09:00', '14:00', true),
    (uuid_generate_v4(), 'd634c1bd-cf93-45ac-b73e-17f0865b6da5', 4, '13:00', '21:00', true),
    (uuid_generate_v4(), 'd634c1bd-cf93-45ac-b73e-17f0865b6da5', 0, '10:00', '16:00', true);

-- Doctor 58: Dr. Fatima Al-Zahrani
DO $$
BEGIN
    -- Cleanup existing user with this email to prevent ID mismatch
    DELETE FROM auth.users WHERE email = 'fatima.al-zahrani.157@marham.sa';
    
    INSERT INTO auth.users (
        id, instance_id, email, encrypted_password, email_confirmed_at, 
        created_at, updated_at, raw_app_meta_data, raw_user_meta_data, aud, role
    ) VALUES (
        'b5fa230e-9db1-4cc8-8ade-78d4ba18b9b4', '00000000-0000-0000-0000-000000000000', 'fatima.al-zahrani.157@marham.sa', 
        crypt('password123', gen_salt('bf')), now(), now(), now(), 
        '{"provider":"email","providers":["email"]}', 
        '{"full_name":"Dr. Fatima Al-Zahrani","role":"doctor"}', 
        'authenticated', 'authenticated'
    );
EXCEPTION WHEN unique_violation THEN NULL;
END $$;

DO $$
BEGIN
    INSERT INTO profiles (id, role, full_name_ar, full_name_en, city, created_at, updated_at)
    VALUES (
        'b5fa230e-9db1-4cc8-8ade-78d4ba18b9b4', 'doctor', 'د. هياء الزهراني', 'Dr. Fatima Al-Zahrani', 'Riyadh', now(), now()
    );
EXCEPTION WHEN unique_violation THEN NULL;
END $$;

DO $$
BEGIN
    INSERT INTO doctors (
        id, profile_id, scfhs_license, specialty, sub_specialties, hospital, 
        experience_years, consultation_price, rating, total_consultations, 
        status, profile_photo_url, bio_ar, bio_en, created_at, updated_at
    ) VALUES (
        'fc75164d-328c-4eae-9f63-5e00106bb47e', 'b5fa230e-9db1-4cc8-8ade-78d4ba18b9b4', '100057', 'Breast Surgery', 
        ARRAY['Breast Oncology','Reconstructive Surgery'], 'King Fahad Medical City', 
        16, 500, 4.2, 433, 
        'approved', '/images/doctors/doctor_fatima_ali_1764849767672.png', 'استشارية جراحة أورام الثدي والجراحة الترميمية. الكشف المبكر والعلاج الجراحي.', 'Consultant Breast Surgeon specializing in oncology and reconstructive surgery.', now(), now()
    );
EXCEPTION WHEN unique_violation THEN NULL;
END $$;

INSERT INTO doctor_schedules (id, doctor_id, day_of_week, start_time, end_time, is_available)
VALUES
    (uuid_generate_v4(), 'fc75164d-328c-4eae-9f63-5e00106bb47e', 1, '09:00', '17:00', true),
    (uuid_generate_v4(), 'fc75164d-328c-4eae-9f63-5e00106bb47e', 2, '09:00', '17:00', true),
    (uuid_generate_v4(), 'fc75164d-328c-4eae-9f63-5e00106bb47e', 3, '09:00', '14:00', true),
    (uuid_generate_v4(), 'fc75164d-328c-4eae-9f63-5e00106bb47e', 4, '13:00', '21:00', true),
    (uuid_generate_v4(), 'fc75164d-328c-4eae-9f63-5e00106bb47e', 0, '10:00', '16:00', true);

-- Doctor 59: Dr. Hessa Al-Salem
DO $$
BEGIN
    -- Cleanup existing user with this email to prevent ID mismatch
    DELETE FROM auth.users WHERE email = 'hessa.al-salem.158@marham.sa';
    
    INSERT INTO auth.users (
        id, instance_id, email, encrypted_password, email_confirmed_at, 
        created_at, updated_at, raw_app_meta_data, raw_user_meta_data, aud, role
    ) VALUES (
        'f5fd2d74-2f97-45ff-b704-db999d970a9e', '00000000-0000-0000-0000-000000000000', 'hessa.al-salem.158@marham.sa', 
        crypt('password123', gen_salt('bf')), now(), now(), now(), 
        '{"provider":"email","providers":["email"]}', 
        '{"full_name":"Dr. Hessa Al-Salem","role":"doctor"}', 
        'authenticated', 'authenticated'
    );
EXCEPTION WHEN unique_violation THEN NULL;
END $$;

DO $$
BEGIN
    INSERT INTO profiles (id, role, full_name_ar, full_name_en, city, created_at, updated_at)
    VALUES (
        'f5fd2d74-2f97-45ff-b704-db999d970a9e', 'doctor', 'د. ليلى السالم', 'Dr. Hessa Al-Salem', 'Riyadh', now(), now()
    );
EXCEPTION WHEN unique_violation THEN NULL;
END $$;

DO $$
BEGIN
    INSERT INTO doctors (
        id, profile_id, scfhs_license, specialty, sub_specialties, hospital, 
        experience_years, consultation_price, rating, total_consultations, 
        status, profile_photo_url, bio_ar, bio_en, created_at, updated_at
    ) VALUES (
        '2183fb39-5f79-4ba8-9802-a9e83d6805fe', 'f5fd2d74-2f97-45ff-b704-db999d970a9e', '100058', 'Nutrition', 
        ARRAY['Weight Management','Pregnancy Nutrition','PCOS Diet'], 'Diet Center', 
        8, 250, 4.3, 366, 
        'approved', '/images/doctors/doctor_amira_fahad_1764849818816.png', 'أخصائية تغذية علاجية، برامج متخصصة لمرضى تكيس المبايض وتغذية الحوامل وإنقاص الوزن.', 'Clinical Nutritionist specializing in PCOS management, pregnancy nutrition, and weight loss.', now(), now()
    );
EXCEPTION WHEN unique_violation THEN NULL;
END $$;

INSERT INTO doctor_schedules (id, doctor_id, day_of_week, start_time, end_time, is_available)
VALUES
    (uuid_generate_v4(), '2183fb39-5f79-4ba8-9802-a9e83d6805fe', 1, '09:00', '17:00', true),
    (uuid_generate_v4(), '2183fb39-5f79-4ba8-9802-a9e83d6805fe', 2, '09:00', '17:00', true),
    (uuid_generate_v4(), '2183fb39-5f79-4ba8-9802-a9e83d6805fe', 3, '09:00', '14:00', true),
    (uuid_generate_v4(), '2183fb39-5f79-4ba8-9802-a9e83d6805fe', 4, '13:00', '21:00', true),
    (uuid_generate_v4(), '2183fb39-5f79-4ba8-9802-a9e83d6805fe', 0, '10:00', '16:00', true);

-- Doctor 60: Dr. Munira Al-Zahrani
DO $$
BEGIN
    -- Cleanup existing user with this email to prevent ID mismatch
    DELETE FROM auth.users WHERE email = 'munira.al-zahrani.159@marham.sa';
    
    INSERT INTO auth.users (
        id, instance_id, email, encrypted_password, email_confirmed_at, 
        created_at, updated_at, raw_app_meta_data, raw_user_meta_data, aud, role
    ) VALUES (
        '95f045d9-b617-4d15-be5e-9f6adfd54f1a', '00000000-0000-0000-0000-000000000000', 'munira.al-zahrani.159@marham.sa', 
        crypt('password123', gen_salt('bf')), now(), now(), now(), 
        '{"provider":"email","providers":["email"]}', 
        '{"full_name":"Dr. Munira Al-Zahrani","role":"doctor"}', 
        'authenticated', 'authenticated'
    );
EXCEPTION WHEN unique_violation THEN NULL;
END $$;

DO $$
BEGIN
    INSERT INTO profiles (id, role, full_name_ar, full_name_en, city, created_at, updated_at)
    VALUES (
        '95f045d9-b617-4d15-be5e-9f6adfd54f1a', 'doctor', 'د. خلود الزهراني', 'Dr. Munira Al-Zahrani', 'Jeddah', now(), now()
    );
EXCEPTION WHEN unique_violation THEN NULL;
END $$;

DO $$
BEGIN
    INSERT INTO doctors (
        id, profile_id, scfhs_license, specialty, sub_specialties, hospital, 
        experience_years, consultation_price, rating, total_consultations, 
        status, profile_photo_url, bio_ar, bio_en, created_at, updated_at
    ) VALUES (
        '967a988d-92b4-4510-ac90-a54c359f3bec', '95f045d9-b617-4d15-be5e-9f6adfd54f1a', '100059', 'Dermatology', 
        ARRAY['Cosmetic Dermatology','Laser','Anti-Aging'], 'Habib Medical Group', 
        26, 200, 4.7, 386, 
        'approved', '/images/doctors/ai_doctor_grey.png', 'استشارية جلدية وتجميل والليزر. متخصصة في الحقن التجميلي والعناية بالبشرة.', 'Consultant Dermatologist and Cosmetic Laser specialist. Expert in aesthetic injections and skin care.', now(), now()
    );
EXCEPTION WHEN unique_violation THEN NULL;
END $$;

INSERT INTO doctor_schedules (id, doctor_id, day_of_week, start_time, end_time, is_available)
VALUES
    (uuid_generate_v4(), '967a988d-92b4-4510-ac90-a54c359f3bec', 1, '09:00', '17:00', true),
    (uuid_generate_v4(), '967a988d-92b4-4510-ac90-a54c359f3bec', 2, '09:00', '17:00', true),
    (uuid_generate_v4(), '967a988d-92b4-4510-ac90-a54c359f3bec', 3, '09:00', '14:00', true),
    (uuid_generate_v4(), '967a988d-92b4-4510-ac90-a54c359f3bec', 4, '13:00', '21:00', true),
    (uuid_generate_v4(), '967a988d-92b4-4510-ac90-a54c359f3bec', 0, '10:00', '16:00', true);

-- Doctor 61: Dr. Munira Al-Khalid
DO $$
BEGIN
    -- Cleanup existing user with this email to prevent ID mismatch
    DELETE FROM auth.users WHERE email = 'munira.al-khalid.160@marham.sa';
    
    INSERT INTO auth.users (
        id, instance_id, email, encrypted_password, email_confirmed_at, 
        created_at, updated_at, raw_app_meta_data, raw_user_meta_data, aud, role
    ) VALUES (
        '1333ea17-ea37-492d-b111-a7d10fb1f61b', '00000000-0000-0000-0000-000000000000', 'munira.al-khalid.160@marham.sa', 
        crypt('password123', gen_salt('bf')), now(), now(), now(), 
        '{"provider":"email","providers":["email"]}', 
        '{"full_name":"Dr. Munira Al-Khalid","role":"doctor"}', 
        'authenticated', 'authenticated'
    );
EXCEPTION WHEN unique_violation THEN NULL;
END $$;

DO $$
BEGIN
    INSERT INTO profiles (id, role, full_name_ar, full_name_en, city, created_at, updated_at)
    VALUES (
        '1333ea17-ea37-492d-b111-a7d10fb1f61b', 'doctor', 'د. سمر الخالد', 'Dr. Munira Al-Khalid', 'Riyadh', now(), now()
    );
EXCEPTION WHEN unique_violation THEN NULL;
END $$;

DO $$
BEGIN
    INSERT INTO doctors (
        id, profile_id, scfhs_license, specialty, sub_specialties, hospital, 
        experience_years, consultation_price, rating, total_consultations, 
        status, profile_photo_url, bio_ar, bio_en, created_at, updated_at
    ) VALUES (
        'c8ee7713-d3bb-483d-b740-03b28c1f27bc', '1333ea17-ea37-492d-b111-a7d10fb1f61b', '100060', 'OB/GYN', 
        ARRAY['Infertility & IVF','Pregnancy Follow-up','Fetal Medicine'], 'King Faisal Specialist Hospital', 
        21, 150, 4.9, 388, 
        'approved', '/images/doctors/ai_doctor_blue.png', 'استشارية أمراض النساء والولادة وعلاج العقم. خبرة واسعة في متابعة الحمل عالي الخطورة وعمليات أطفال الأنابيب.', 'Consultant OB/GYN and Infertility specialist. Extensive experience in high-risk pregnancies and IVF procedures.', now(), now()
    );
EXCEPTION WHEN unique_violation THEN NULL;
END $$;

INSERT INTO doctor_schedules (id, doctor_id, day_of_week, start_time, end_time, is_available)
VALUES
    (uuid_generate_v4(), 'c8ee7713-d3bb-483d-b740-03b28c1f27bc', 1, '09:00', '17:00', true),
    (uuid_generate_v4(), 'c8ee7713-d3bb-483d-b740-03b28c1f27bc', 2, '09:00', '17:00', true),
    (uuid_generate_v4(), 'c8ee7713-d3bb-483d-b740-03b28c1f27bc', 3, '09:00', '14:00', true),
    (uuid_generate_v4(), 'c8ee7713-d3bb-483d-b740-03b28c1f27bc', 4, '13:00', '21:00', true),
    (uuid_generate_v4(), 'c8ee7713-d3bb-483d-b740-03b28c1f27bc', 0, '10:00', '16:00', true);

-- Doctor 62: Dr. Munira Al-Maliki
DO $$
BEGIN
    -- Cleanup existing user with this email to prevent ID mismatch
    DELETE FROM auth.users WHERE email = 'munira.al-maliki.161@marham.sa';
    
    INSERT INTO auth.users (
        id, instance_id, email, encrypted_password, email_confirmed_at, 
        created_at, updated_at, raw_app_meta_data, raw_user_meta_data, aud, role
    ) VALUES (
        '354eabd6-e14f-43df-ade0-5da8ceff713f', '00000000-0000-0000-0000-000000000000', 'munira.al-maliki.161@marham.sa', 
        crypt('password123', gen_salt('bf')), now(), now(), now(), 
        '{"provider":"email","providers":["email"]}', 
        '{"full_name":"Dr. Munira Al-Maliki","role":"doctor"}', 
        'authenticated', 'authenticated'
    );
EXCEPTION WHEN unique_violation THEN NULL;
END $$;

DO $$
BEGIN
    INSERT INTO profiles (id, role, full_name_ar, full_name_en, city, created_at, updated_at)
    VALUES (
        '354eabd6-e14f-43df-ade0-5da8ceff713f', 'doctor', 'د. بشاير المالكي', 'Dr. Munira Al-Maliki', 'Medina', now(), now()
    );
EXCEPTION WHEN unique_violation THEN NULL;
END $$;

DO $$
BEGIN
    INSERT INTO doctors (
        id, profile_id, scfhs_license, specialty, sub_specialties, hospital, 
        experience_years, consultation_price, rating, total_consultations, 
        status, profile_photo_url, bio_ar, bio_en, created_at, updated_at
    ) VALUES (
        '77c28575-ffaf-42ab-a849-a80b87faca00', '354eabd6-e14f-43df-ade0-5da8ceff713f', '100061', 'Family Medicine', 
        ARRAY['Women''s Health','Preventive Care'], 'My Clinic', 
        25, 500, 4.5, 421, 
        'approved', '/images/doctors/ai_doctor_senior.png', 'طبيبة أسرة متخصصة في صحة المرأة والفحوصات الوقائية الشاملة.', 'Family Medicine Consultant focusing on women''s health and comprehensive preventive care.', now(), now()
    );
EXCEPTION WHEN unique_violation THEN NULL;
END $$;

INSERT INTO doctor_schedules (id, doctor_id, day_of_week, start_time, end_time, is_available)
VALUES
    (uuid_generate_v4(), '77c28575-ffaf-42ab-a849-a80b87faca00', 1, '09:00', '17:00', true),
    (uuid_generate_v4(), '77c28575-ffaf-42ab-a849-a80b87faca00', 2, '09:00', '17:00', true),
    (uuid_generate_v4(), '77c28575-ffaf-42ab-a849-a80b87faca00', 3, '09:00', '14:00', true),
    (uuid_generate_v4(), '77c28575-ffaf-42ab-a849-a80b87faca00', 4, '13:00', '21:00', true),
    (uuid_generate_v4(), '77c28575-ffaf-42ab-a849-a80b87faca00', 0, '10:00', '16:00', true);

-- Doctor 63: Dr. Kholoud Al-Shehri
DO $$
BEGIN
    -- Cleanup existing user with this email to prevent ID mismatch
    DELETE FROM auth.users WHERE email = 'kholoud.al-shehri.162@marham.sa';
    
    INSERT INTO auth.users (
        id, instance_id, email, encrypted_password, email_confirmed_at, 
        created_at, updated_at, raw_app_meta_data, raw_user_meta_data, aud, role
    ) VALUES (
        '757810a7-0da5-442e-acb8-974d7da9a66a', '00000000-0000-0000-0000-000000000000', 'kholoud.al-shehri.162@marham.sa', 
        crypt('password123', gen_salt('bf')), now(), now(), now(), 
        '{"provider":"email","providers":["email"]}', 
        '{"full_name":"Dr. Kholoud Al-Shehri","role":"doctor"}', 
        'authenticated', 'authenticated'
    );
EXCEPTION WHEN unique_violation THEN NULL;
END $$;

DO $$
BEGIN
    INSERT INTO profiles (id, role, full_name_ar, full_name_en, city, created_at, updated_at)
    VALUES (
        '757810a7-0da5-442e-acb8-974d7da9a66a', 'doctor', 'د. خلود الشهري', 'Dr. Kholoud Al-Shehri', 'Mecca', now(), now()
    );
EXCEPTION WHEN unique_violation THEN NULL;
END $$;

DO $$
BEGIN
    INSERT INTO doctors (
        id, profile_id, scfhs_license, specialty, sub_specialties, hospital, 
        experience_years, consultation_price, rating, total_consultations, 
        status, profile_photo_url, bio_ar, bio_en, created_at, updated_at
    ) VALUES (
        '2c80f1a9-5e77-4228-8ecf-41e41ca8ab2f', '757810a7-0da5-442e-acb8-974d7da9a66a', '100062', 'Nutrition', 
        ARRAY['Weight Management','Pregnancy Nutrition','PCOS Diet'], 'Diet Center', 
        16, 200, 4.7, 170, 
        'approved', '/images/doctors/ai_doctor_beige.png', 'أخصائية تغذية علاجية، برامج متخصصة لمرضى تكيس المبايض وتغذية الحوامل وإنقاص الوزن.', 'Clinical Nutritionist specializing in PCOS management, pregnancy nutrition, and weight loss.', now(), now()
    );
EXCEPTION WHEN unique_violation THEN NULL;
END $$;

INSERT INTO doctor_schedules (id, doctor_id, day_of_week, start_time, end_time, is_available)
VALUES
    (uuid_generate_v4(), '2c80f1a9-5e77-4228-8ecf-41e41ca8ab2f', 1, '09:00', '17:00', true),
    (uuid_generate_v4(), '2c80f1a9-5e77-4228-8ecf-41e41ca8ab2f', 2, '09:00', '17:00', true),
    (uuid_generate_v4(), '2c80f1a9-5e77-4228-8ecf-41e41ca8ab2f', 3, '09:00', '14:00', true),
    (uuid_generate_v4(), '2c80f1a9-5e77-4228-8ecf-41e41ca8ab2f', 4, '13:00', '21:00', true),
    (uuid_generate_v4(), '2c80f1a9-5e77-4228-8ecf-41e41ca8ab2f', 0, '10:00', '16:00', true);

-- Doctor 64: Dr. Aisha Al-Khalid
DO $$
BEGIN
    -- Cleanup existing user with this email to prevent ID mismatch
    DELETE FROM auth.users WHERE email = 'aisha.al-khalid.163@marham.sa';
    
    INSERT INTO auth.users (
        id, instance_id, email, encrypted_password, email_confirmed_at, 
        created_at, updated_at, raw_app_meta_data, raw_user_meta_data, aud, role
    ) VALUES (
        '11bdd6c1-3aca-412e-9bf9-6a8289f58f37', '00000000-0000-0000-0000-000000000000', 'aisha.al-khalid.163@marham.sa', 
        crypt('password123', gen_salt('bf')), now(), now(), now(), 
        '{"provider":"email","providers":["email"]}', 
        '{"full_name":"Dr. Aisha Al-Khalid","role":"doctor"}', 
        'authenticated', 'authenticated'
    );
EXCEPTION WHEN unique_violation THEN NULL;
END $$;

DO $$
BEGIN
    INSERT INTO profiles (id, role, full_name_ar, full_name_en, city, created_at, updated_at)
    VALUES (
        '11bdd6c1-3aca-412e-9bf9-6a8289f58f37', 'doctor', 'د. سارة الخالد', 'Dr. Aisha Al-Khalid', 'Jeddah', now(), now()
    );
EXCEPTION WHEN unique_violation THEN NULL;
END $$;

DO $$
BEGIN
    INSERT INTO doctors (
        id, profile_id, scfhs_license, specialty, sub_specialties, hospital, 
        experience_years, consultation_price, rating, total_consultations, 
        status, profile_photo_url, bio_ar, bio_en, created_at, updated_at
    ) VALUES (
        '9822fc3b-76f7-4ab4-8657-0ead9a1c102d', '11bdd6c1-3aca-412e-9bf9-6a8289f58f37', '100063', 'Nutrition', 
        ARRAY['Weight Management','Pregnancy Nutrition','PCOS Diet'], 'Diet Center', 
        5, 400, 5.0, 143, 
        'approved', '/images/doctors/doctor_noura_alrashid_1764849899936.png', 'أخصائية تغذية علاجية، برامج متخصصة لمرضى تكيس المبايض وتغذية الحوامل وإنقاص الوزن.', 'Clinical Nutritionist specializing in PCOS management, pregnancy nutrition, and weight loss.', now(), now()
    );
EXCEPTION WHEN unique_violation THEN NULL;
END $$;

INSERT INTO doctor_schedules (id, doctor_id, day_of_week, start_time, end_time, is_available)
VALUES
    (uuid_generate_v4(), '9822fc3b-76f7-4ab4-8657-0ead9a1c102d', 1, '09:00', '17:00', true),
    (uuid_generate_v4(), '9822fc3b-76f7-4ab4-8657-0ead9a1c102d', 2, '09:00', '17:00', true),
    (uuid_generate_v4(), '9822fc3b-76f7-4ab4-8657-0ead9a1c102d', 3, '09:00', '14:00', true),
    (uuid_generate_v4(), '9822fc3b-76f7-4ab4-8657-0ead9a1c102d', 4, '13:00', '21:00', true),
    (uuid_generate_v4(), '9822fc3b-76f7-4ab4-8657-0ead9a1c102d', 0, '10:00', '16:00', true);

-- Doctor 65: Dr. Jamila Al-Subaie
DO $$
BEGIN
    -- Cleanup existing user with this email to prevent ID mismatch
    DELETE FROM auth.users WHERE email = 'jamila.al-subaie.164@marham.sa';
    
    INSERT INTO auth.users (
        id, instance_id, email, encrypted_password, email_confirmed_at, 
        created_at, updated_at, raw_app_meta_data, raw_user_meta_data, aud, role
    ) VALUES (
        'f252ea97-7a31-46d0-8652-40b540cbd6e9', '00000000-0000-0000-0000-000000000000', 'jamila.al-subaie.164@marham.sa', 
        crypt('password123', gen_salt('bf')), now(), now(), now(), 
        '{"provider":"email","providers":["email"]}', 
        '{"full_name":"Dr. Jamila Al-Subaie","role":"doctor"}', 
        'authenticated', 'authenticated'
    );
EXCEPTION WHEN unique_violation THEN NULL;
END $$;

DO $$
BEGIN
    INSERT INTO profiles (id, role, full_name_ar, full_name_en, city, created_at, updated_at)
    VALUES (
        'f252ea97-7a31-46d0-8652-40b540cbd6e9', 'doctor', 'د. الجوهرة السبيعي', 'Dr. Jamila Al-Subaie', 'Jeddah', now(), now()
    );
EXCEPTION WHEN unique_violation THEN NULL;
END $$;

DO $$
BEGIN
    INSERT INTO doctors (
        id, profile_id, scfhs_license, specialty, sub_specialties, hospital, 
        experience_years, consultation_price, rating, total_consultations, 
        status, profile_photo_url, bio_ar, bio_en, created_at, updated_at
    ) VALUES (
        'dc9a8deb-3f23-45f0-827c-d1580658a53e', 'f252ea97-7a31-46d0-8652-40b540cbd6e9', '100064', 'Breast Surgery', 
        ARRAY['Breast Oncology','Reconstructive Surgery'], 'King Fahad Medical City', 
        21, 350, 4.4, 67, 
        'approved', '/images/doctors/doctor_sarah_ahmed_1764849887752.png', 'استشارية جراحة أورام الثدي والجراحة الترميمية. الكشف المبكر والعلاج الجراحي.', 'Consultant Breast Surgeon specializing in oncology and reconstructive surgery.', now(), now()
    );
EXCEPTION WHEN unique_violation THEN NULL;
END $$;

INSERT INTO doctor_schedules (id, doctor_id, day_of_week, start_time, end_time, is_available)
VALUES
    (uuid_generate_v4(), 'dc9a8deb-3f23-45f0-827c-d1580658a53e', 1, '09:00', '17:00', true),
    (uuid_generate_v4(), 'dc9a8deb-3f23-45f0-827c-d1580658a53e', 2, '09:00', '17:00', true),
    (uuid_generate_v4(), 'dc9a8deb-3f23-45f0-827c-d1580658a53e', 3, '09:00', '14:00', true),
    (uuid_generate_v4(), 'dc9a8deb-3f23-45f0-827c-d1580658a53e', 4, '13:00', '21:00', true),
    (uuid_generate_v4(), 'dc9a8deb-3f23-45f0-827c-d1580658a53e', 0, '10:00', '16:00', true);

-- Doctor 66: Dr. Tahani Al-Otaibi
DO $$
BEGIN
    -- Cleanup existing user with this email to prevent ID mismatch
    DELETE FROM auth.users WHERE email = 'tahani.al-otaibi.165@marham.sa';
    
    INSERT INTO auth.users (
        id, instance_id, email, encrypted_password, email_confirmed_at, 
        created_at, updated_at, raw_app_meta_data, raw_user_meta_data, aud, role
    ) VALUES (
        '046ad580-5150-49c4-8c57-15890849e983', '00000000-0000-0000-0000-000000000000', 'tahani.al-otaibi.165@marham.sa', 
        crypt('password123', gen_salt('bf')), now(), now(), now(), 
        '{"provider":"email","providers":["email"]}', 
        '{"full_name":"Dr. Tahani Al-Otaibi","role":"doctor"}', 
        'authenticated', 'authenticated'
    );
EXCEPTION WHEN unique_violation THEN NULL;
END $$;

DO $$
BEGIN
    INSERT INTO profiles (id, role, full_name_ar, full_name_en, city, created_at, updated_at)
    VALUES (
        '046ad580-5150-49c4-8c57-15890849e983', 'doctor', 'د. ليلى العتيبي', 'Dr. Tahani Al-Otaibi', 'Mecca', now(), now()
    );
EXCEPTION WHEN unique_violation THEN NULL;
END $$;

DO $$
BEGIN
    INSERT INTO doctors (
        id, profile_id, scfhs_license, specialty, sub_specialties, hospital, 
        experience_years, consultation_price, rating, total_consultations, 
        status, profile_photo_url, bio_ar, bio_en, created_at, updated_at
    ) VALUES (
        '78966b73-73ca-48af-943b-458cbd4eb50f', '046ad580-5150-49c4-8c57-15890849e983', '100065', 'OB/GYN', 
        ARRAY['Infertility & IVF','Pregnancy Follow-up','Fetal Medicine'], 'Dallah Hospital', 
        13, 200, 4.3, 113, 
        'approved', '/images/doctors/doctor_leila_khalid_1764849830840.png', 'استشارية أمراض النساء والولادة وعلاج العقم. خبرة واسعة في متابعة الحمل عالي الخطورة وعمليات أطفال الأنابيب.', 'Consultant OB/GYN and Infertility specialist. Extensive experience in high-risk pregnancies and IVF procedures.', now(), now()
    );
EXCEPTION WHEN unique_violation THEN NULL;
END $$;

INSERT INTO doctor_schedules (id, doctor_id, day_of_week, start_time, end_time, is_available)
VALUES
    (uuid_generate_v4(), '78966b73-73ca-48af-943b-458cbd4eb50f', 1, '09:00', '17:00', true),
    (uuid_generate_v4(), '78966b73-73ca-48af-943b-458cbd4eb50f', 2, '09:00', '17:00', true),
    (uuid_generate_v4(), '78966b73-73ca-48af-943b-458cbd4eb50f', 3, '09:00', '14:00', true),
    (uuid_generate_v4(), '78966b73-73ca-48af-943b-458cbd4eb50f', 4, '13:00', '21:00', true),
    (uuid_generate_v4(), '78966b73-73ca-48af-943b-458cbd4eb50f', 0, '10:00', '16:00', true);

-- Doctor 67: Dr. Kholoud Al-Qahtani
DO $$
BEGIN
    -- Cleanup existing user with this email to prevent ID mismatch
    DELETE FROM auth.users WHERE email = 'kholoud.al-qahtani.166@marham.sa';
    
    INSERT INTO auth.users (
        id, instance_id, email, encrypted_password, email_confirmed_at, 
        created_at, updated_at, raw_app_meta_data, raw_user_meta_data, aud, role
    ) VALUES (
        '52542a98-4492-42a6-9dde-81565b881cca', '00000000-0000-0000-0000-000000000000', 'kholoud.al-qahtani.166@marham.sa', 
        crypt('password123', gen_salt('bf')), now(), now(), now(), 
        '{"provider":"email","providers":["email"]}', 
        '{"full_name":"Dr. Kholoud Al-Qahtani","role":"doctor"}', 
        'authenticated', 'authenticated'
    );
EXCEPTION WHEN unique_violation THEN NULL;
END $$;

DO $$
BEGIN
    INSERT INTO profiles (id, role, full_name_ar, full_name_en, city, created_at, updated_at)
    VALUES (
        '52542a98-4492-42a6-9dde-81565b881cca', 'doctor', 'د. لطيفة القحطاني', 'Dr. Kholoud Al-Qahtani', 'Medina', now(), now()
    );
EXCEPTION WHEN unique_violation THEN NULL;
END $$;

DO $$
BEGIN
    INSERT INTO doctors (
        id, profile_id, scfhs_license, specialty, sub_specialties, hospital, 
        experience_years, consultation_price, rating, total_consultations, 
        status, profile_photo_url, bio_ar, bio_en, created_at, updated_at
    ) VALUES (
        '32cb06e0-2686-4598-baf0-fb9ffe234498', '52542a98-4492-42a6-9dde-81565b881cca', '100066', 'Dermatology', 
        ARRAY['Cosmetic Dermatology','Laser','Anti-Aging'], 'Habib Medical Group', 
        11, 150, 4.8, 503, 
        'approved', '/images/doctors/doctor_fatima_ali_1764849767672.png', 'استشارية جلدية وتجميل والليزر. متخصصة في الحقن التجميلي والعناية بالبشرة.', 'Consultant Dermatologist and Cosmetic Laser specialist. Expert in aesthetic injections and skin care.', now(), now()
    );
EXCEPTION WHEN unique_violation THEN NULL;
END $$;

INSERT INTO doctor_schedules (id, doctor_id, day_of_week, start_time, end_time, is_available)
VALUES
    (uuid_generate_v4(), '32cb06e0-2686-4598-baf0-fb9ffe234498', 1, '09:00', '17:00', true),
    (uuid_generate_v4(), '32cb06e0-2686-4598-baf0-fb9ffe234498', 2, '09:00', '17:00', true),
    (uuid_generate_v4(), '32cb06e0-2686-4598-baf0-fb9ffe234498', 3, '09:00', '14:00', true),
    (uuid_generate_v4(), '32cb06e0-2686-4598-baf0-fb9ffe234498', 4, '13:00', '21:00', true),
    (uuid_generate_v4(), '32cb06e0-2686-4598-baf0-fb9ffe234498', 0, '10:00', '16:00', true);

-- Doctor 68: Dr. Aisha Al-Otaibi
DO $$
BEGIN
    -- Cleanup existing user with this email to prevent ID mismatch
    DELETE FROM auth.users WHERE email = 'aisha.al-otaibi.167@marham.sa';
    
    INSERT INTO auth.users (
        id, instance_id, email, encrypted_password, email_confirmed_at, 
        created_at, updated_at, raw_app_meta_data, raw_user_meta_data, aud, role
    ) VALUES (
        '13b450a5-94c4-4d25-b172-67fccb99b7e9', '00000000-0000-0000-0000-000000000000', 'aisha.al-otaibi.167@marham.sa', 
        crypt('password123', gen_salt('bf')), now(), now(), now(), 
        '{"provider":"email","providers":["email"]}', 
        '{"full_name":"Dr. Aisha Al-Otaibi","role":"doctor"}', 
        'authenticated', 'authenticated'
    );
EXCEPTION WHEN unique_violation THEN NULL;
END $$;

DO $$
BEGIN
    INSERT INTO profiles (id, role, full_name_ar, full_name_en, city, created_at, updated_at)
    VALUES (
        '13b450a5-94c4-4d25-b172-67fccb99b7e9', 'doctor', 'د. منيرة العتيبي', 'Dr. Aisha Al-Otaibi', 'Mecca', now(), now()
    );
EXCEPTION WHEN unique_violation THEN NULL;
END $$;

DO $$
BEGIN
    INSERT INTO doctors (
        id, profile_id, scfhs_license, specialty, sub_specialties, hospital, 
        experience_years, consultation_price, rating, total_consultations, 
        status, profile_photo_url, bio_ar, bio_en, created_at, updated_at
    ) VALUES (
        '743c4338-f13b-4251-9a19-6e70bc3d2391', '13b450a5-94c4-4d25-b172-67fccb99b7e9', '100067', 'Family Medicine', 
        ARRAY['Women''s Health','Preventive Care'], 'My Clinic', 
        14, 500, 4.4, 464, 
        'approved', '/images/doctors/doctor_amira_fahad_1764849818816.png', 'طبيبة أسرة متخصصة في صحة المرأة والفحوصات الوقائية الشاملة.', 'Family Medicine Consultant focusing on women''s health and comprehensive preventive care.', now(), now()
    );
EXCEPTION WHEN unique_violation THEN NULL;
END $$;

INSERT INTO doctor_schedules (id, doctor_id, day_of_week, start_time, end_time, is_available)
VALUES
    (uuid_generate_v4(), '743c4338-f13b-4251-9a19-6e70bc3d2391', 1, '09:00', '17:00', true),
    (uuid_generate_v4(), '743c4338-f13b-4251-9a19-6e70bc3d2391', 2, '09:00', '17:00', true),
    (uuid_generate_v4(), '743c4338-f13b-4251-9a19-6e70bc3d2391', 3, '09:00', '14:00', true),
    (uuid_generate_v4(), '743c4338-f13b-4251-9a19-6e70bc3d2391', 4, '13:00', '21:00', true),
    (uuid_generate_v4(), '743c4338-f13b-4251-9a19-6e70bc3d2391', 0, '10:00', '16:00', true);

-- Doctor 69: Dr. Hessa Al-Shamrani
DO $$
BEGIN
    -- Cleanup existing user with this email to prevent ID mismatch
    DELETE FROM auth.users WHERE email = 'hessa.al-shamrani.168@marham.sa';
    
    INSERT INTO auth.users (
        id, instance_id, email, encrypted_password, email_confirmed_at, 
        created_at, updated_at, raw_app_meta_data, raw_user_meta_data, aud, role
    ) VALUES (
        '6261fded-ae5e-48c7-8fc3-d73aff2eeef8', '00000000-0000-0000-0000-000000000000', 'hessa.al-shamrani.168@marham.sa', 
        crypt('password123', gen_salt('bf')), now(), now(), now(), 
        '{"provider":"email","providers":["email"]}', 
        '{"full_name":"Dr. Hessa Al-Shamrani","role":"doctor"}', 
        'authenticated', 'authenticated'
    );
EXCEPTION WHEN unique_violation THEN NULL;
END $$;

DO $$
BEGIN
    INSERT INTO profiles (id, role, full_name_ar, full_name_en, city, created_at, updated_at)
    VALUES (
        '6261fded-ae5e-48c7-8fc3-d73aff2eeef8', 'doctor', 'د. أسماء الشمراني', 'Dr. Hessa Al-Shamrani', 'Dammam', now(), now()
    );
EXCEPTION WHEN unique_violation THEN NULL;
END $$;

DO $$
BEGIN
    INSERT INTO doctors (
        id, profile_id, scfhs_license, specialty, sub_specialties, hospital, 
        experience_years, consultation_price, rating, total_consultations, 
        status, profile_photo_url, bio_ar, bio_en, created_at, updated_at
    ) VALUES (
        'c875f635-299e-4fe0-a49c-2a5e9dca67f9', '6261fded-ae5e-48c7-8fc3-d73aff2eeef8', '100068', 'Family Medicine', 
        ARRAY['Women''s Health','Preventive Care'], 'Family Care Center', 
        15, 450, 4.4, 430, 
        'approved', '/images/doctors/ai_doctor_grey.png', 'طبيبة أسرة متخصصة في صحة المرأة والفحوصات الوقائية الشاملة.', 'Family Medicine Consultant focusing on women''s health and comprehensive preventive care.', now(), now()
    );
EXCEPTION WHEN unique_violation THEN NULL;
END $$;

INSERT INTO doctor_schedules (id, doctor_id, day_of_week, start_time, end_time, is_available)
VALUES
    (uuid_generate_v4(), 'c875f635-299e-4fe0-a49c-2a5e9dca67f9', 1, '09:00', '17:00', true),
    (uuid_generate_v4(), 'c875f635-299e-4fe0-a49c-2a5e9dca67f9', 2, '09:00', '17:00', true),
    (uuid_generate_v4(), 'c875f635-299e-4fe0-a49c-2a5e9dca67f9', 3, '09:00', '14:00', true),
    (uuid_generate_v4(), 'c875f635-299e-4fe0-a49c-2a5e9dca67f9', 4, '13:00', '21:00', true),
    (uuid_generate_v4(), 'c875f635-299e-4fe0-a49c-2a5e9dca67f9', 0, '10:00', '16:00', true);

-- Doctor 70: Dr. Hessa Al-Rashid
DO $$
BEGIN
    -- Cleanup existing user with this email to prevent ID mismatch
    DELETE FROM auth.users WHERE email = 'hessa.al-rashid.169@marham.sa';
    
    INSERT INTO auth.users (
        id, instance_id, email, encrypted_password, email_confirmed_at, 
        created_at, updated_at, raw_app_meta_data, raw_user_meta_data, aud, role
    ) VALUES (
        '834d5e66-1b2f-4ba1-88c6-04f112c8f4ae', '00000000-0000-0000-0000-000000000000', 'hessa.al-rashid.169@marham.sa', 
        crypt('password123', gen_salt('bf')), now(), now(), now(), 
        '{"provider":"email","providers":["email"]}', 
        '{"full_name":"Dr. Hessa Al-Rashid","role":"doctor"}', 
        'authenticated', 'authenticated'
    );
EXCEPTION WHEN unique_violation THEN NULL;
END $$;

DO $$
BEGIN
    INSERT INTO profiles (id, role, full_name_ar, full_name_en, city, created_at, updated_at)
    VALUES (
        '834d5e66-1b2f-4ba1-88c6-04f112c8f4ae', 'doctor', 'د. أمل الراشد', 'Dr. Hessa Al-Rashid', 'Khobar', now(), now()
    );
EXCEPTION WHEN unique_violation THEN NULL;
END $$;

DO $$
BEGIN
    INSERT INTO doctors (
        id, profile_id, scfhs_license, specialty, sub_specialties, hospital, 
        experience_years, consultation_price, rating, total_consultations, 
        status, profile_photo_url, bio_ar, bio_en, created_at, updated_at
    ) VALUES (
        '82704e76-4f70-4f63-b1d4-298a60ca5d35', '834d5e66-1b2f-4ba1-88c6-04f112c8f4ae', '100069', 'Mental Health', 
        ARRAY['Women''s Psychiatry','Postpartum Depression','Anxiety'], 'Maudsley Health', 
        27, 500, 4.4, 417, 
        'approved', '/images/doctors/ai_doctor_blue.png', 'استشارية الطب النفسي، متخصصة في صحة المرأة النفسية، واكتئاب ما بعد الولادة والقلق.', 'Consultant Psychiatrist specializing in women''s mental health, postpartum depression, and anxiety.', now(), now()
    );
EXCEPTION WHEN unique_violation THEN NULL;
END $$;

INSERT INTO doctor_schedules (id, doctor_id, day_of_week, start_time, end_time, is_available)
VALUES
    (uuid_generate_v4(), '82704e76-4f70-4f63-b1d4-298a60ca5d35', 1, '09:00', '17:00', true),
    (uuid_generate_v4(), '82704e76-4f70-4f63-b1d4-298a60ca5d35', 2, '09:00', '17:00', true),
    (uuid_generate_v4(), '82704e76-4f70-4f63-b1d4-298a60ca5d35', 3, '09:00', '14:00', true),
    (uuid_generate_v4(), '82704e76-4f70-4f63-b1d4-298a60ca5d35', 4, '13:00', '21:00', true),
    (uuid_generate_v4(), '82704e76-4f70-4f63-b1d4-298a60ca5d35', 0, '10:00', '16:00', true);

-- Doctor 71: Dr. Munira Al-Maliki
DO $$
BEGIN
    -- Cleanup existing user with this email to prevent ID mismatch
    DELETE FROM auth.users WHERE email = 'munira.al-maliki.170@marham.sa';
    
    INSERT INTO auth.users (
        id, instance_id, email, encrypted_password, email_confirmed_at, 
        created_at, updated_at, raw_app_meta_data, raw_user_meta_data, aud, role
    ) VALUES (
        'f6ef0f5f-1067-4d0f-b347-de79a1a04c52', '00000000-0000-0000-0000-000000000000', 'munira.al-maliki.170@marham.sa', 
        crypt('password123', gen_salt('bf')), now(), now(), now(), 
        '{"provider":"email","providers":["email"]}', 
        '{"full_name":"Dr. Munira Al-Maliki","role":"doctor"}', 
        'authenticated', 'authenticated'
    );
EXCEPTION WHEN unique_violation THEN NULL;
END $$;

DO $$
BEGIN
    INSERT INTO profiles (id, role, full_name_ar, full_name_en, city, created_at, updated_at)
    VALUES (
        'f6ef0f5f-1067-4d0f-b347-de79a1a04c52', 'doctor', 'د. أمل المالكي', 'Dr. Munira Al-Maliki', 'Mecca', now(), now()
    );
EXCEPTION WHEN unique_violation THEN NULL;
END $$;

DO $$
BEGIN
    INSERT INTO doctors (
        id, profile_id, scfhs_license, specialty, sub_specialties, hospital, 
        experience_years, consultation_price, rating, total_consultations, 
        status, profile_photo_url, bio_ar, bio_en, created_at, updated_at
    ) VALUES (
        '04248abe-165f-4001-8825-5c608e14f232', 'f6ef0f5f-1067-4d0f-b347-de79a1a04c52', '100070', 'Nutrition', 
        ARRAY['Weight Management','Pregnancy Nutrition','PCOS Diet'], 'Wellness Clinic', 
        28, 150, 4.3, 208, 
        'approved', '/images/doctors/ai_doctor_senior.png', 'أخصائية تغذية علاجية، برامج متخصصة لمرضى تكيس المبايض وتغذية الحوامل وإنقاص الوزن.', 'Clinical Nutritionist specializing in PCOS management, pregnancy nutrition, and weight loss.', now(), now()
    );
EXCEPTION WHEN unique_violation THEN NULL;
END $$;

INSERT INTO doctor_schedules (id, doctor_id, day_of_week, start_time, end_time, is_available)
VALUES
    (uuid_generate_v4(), '04248abe-165f-4001-8825-5c608e14f232', 1, '09:00', '17:00', true),
    (uuid_generate_v4(), '04248abe-165f-4001-8825-5c608e14f232', 2, '09:00', '17:00', true),
    (uuid_generate_v4(), '04248abe-165f-4001-8825-5c608e14f232', 3, '09:00', '14:00', true),
    (uuid_generate_v4(), '04248abe-165f-4001-8825-5c608e14f232', 4, '13:00', '21:00', true),
    (uuid_generate_v4(), '04248abe-165f-4001-8825-5c608e14f232', 0, '10:00', '16:00', true);

-- Doctor 72: Dr. Noura Al-Qahtani
DO $$
BEGIN
    -- Cleanup existing user with this email to prevent ID mismatch
    DELETE FROM auth.users WHERE email = 'noura.al-qahtani.171@marham.sa';
    
    INSERT INTO auth.users (
        id, instance_id, email, encrypted_password, email_confirmed_at, 
        created_at, updated_at, raw_app_meta_data, raw_user_meta_data, aud, role
    ) VALUES (
        '9eeb69b6-1ec5-4d84-86d6-e1e20ee40a0a', '00000000-0000-0000-0000-000000000000', 'noura.al-qahtani.171@marham.sa', 
        crypt('password123', gen_salt('bf')), now(), now(), now(), 
        '{"provider":"email","providers":["email"]}', 
        '{"full_name":"Dr. Noura Al-Qahtani","role":"doctor"}', 
        'authenticated', 'authenticated'
    );
EXCEPTION WHEN unique_violation THEN NULL;
END $$;

DO $$
BEGIN
    INSERT INTO profiles (id, role, full_name_ar, full_name_en, city, created_at, updated_at)
    VALUES (
        '9eeb69b6-1ec5-4d84-86d6-e1e20ee40a0a', 'doctor', 'د. أمل القحطاني', 'Dr. Noura Al-Qahtani', 'Medina', now(), now()
    );
EXCEPTION WHEN unique_violation THEN NULL;
END $$;

DO $$
BEGIN
    INSERT INTO doctors (
        id, profile_id, scfhs_license, specialty, sub_specialties, hospital, 
        experience_years, consultation_price, rating, total_consultations, 
        status, profile_photo_url, bio_ar, bio_en, created_at, updated_at
    ) VALUES (
        '7c8c320e-8957-466c-8a34-71eeb4c3d01d', '9eeb69b6-1ec5-4d84-86d6-e1e20ee40a0a', '100071', 'Nutrition', 
        ARRAY['Weight Management','Pregnancy Nutrition','PCOS Diet'], 'Wellness Clinic', 
        7, 400, 4.7, 518, 
        'approved', '/images/doctors/ai_doctor_beige.png', 'أخصائية تغذية علاجية، برامج متخصصة لمرضى تكيس المبايض وتغذية الحوامل وإنقاص الوزن.', 'Clinical Nutritionist specializing in PCOS management, pregnancy nutrition, and weight loss.', now(), now()
    );
EXCEPTION WHEN unique_violation THEN NULL;
END $$;

INSERT INTO doctor_schedules (id, doctor_id, day_of_week, start_time, end_time, is_available)
VALUES
    (uuid_generate_v4(), '7c8c320e-8957-466c-8a34-71eeb4c3d01d', 1, '09:00', '17:00', true),
    (uuid_generate_v4(), '7c8c320e-8957-466c-8a34-71eeb4c3d01d', 2, '09:00', '17:00', true),
    (uuid_generate_v4(), '7c8c320e-8957-466c-8a34-71eeb4c3d01d', 3, '09:00', '14:00', true),
    (uuid_generate_v4(), '7c8c320e-8957-466c-8a34-71eeb4c3d01d', 4, '13:00', '21:00', true),
    (uuid_generate_v4(), '7c8c320e-8957-466c-8a34-71eeb4c3d01d', 0, '10:00', '16:00', true);

-- Doctor 73: Dr. Sara Al-Mutairi
DO $$
BEGIN
    -- Cleanup existing user with this email to prevent ID mismatch
    DELETE FROM auth.users WHERE email = 'sara.al-mutairi.172@marham.sa';
    
    INSERT INTO auth.users (
        id, instance_id, email, encrypted_password, email_confirmed_at, 
        created_at, updated_at, raw_app_meta_data, raw_user_meta_data, aud, role
    ) VALUES (
        '4b7943ee-dc4c-409a-820c-ca1910b6eafd', '00000000-0000-0000-0000-000000000000', 'sara.al-mutairi.172@marham.sa', 
        crypt('password123', gen_salt('bf')), now(), now(), now(), 
        '{"provider":"email","providers":["email"]}', 
        '{"full_name":"Dr. Sara Al-Mutairi","role":"doctor"}', 
        'authenticated', 'authenticated'
    );
EXCEPTION WHEN unique_violation THEN NULL;
END $$;

DO $$
BEGIN
    INSERT INTO profiles (id, role, full_name_ar, full_name_en, city, created_at, updated_at)
    VALUES (
        '4b7943ee-dc4c-409a-820c-ca1910b6eafd', 'doctor', 'د. ريم المطيري', 'Dr. Sara Al-Mutairi', 'Dammam', now(), now()
    );
EXCEPTION WHEN unique_violation THEN NULL;
END $$;

DO $$
BEGIN
    INSERT INTO doctors (
        id, profile_id, scfhs_license, specialty, sub_specialties, hospital, 
        experience_years, consultation_price, rating, total_consultations, 
        status, profile_photo_url, bio_ar, bio_en, created_at, updated_at
    ) VALUES (
        'e41249b1-1349-4951-b32e-0bee438acdd5', '4b7943ee-dc4c-409a-820c-ca1910b6eafd', '100072', 'Family Medicine', 
        ARRAY['Women''s Health','Preventive Care'], 'Family Care Center', 
        10, 150, 4.8, 169, 
        'approved', '/images/doctors/doctor_noura_alrashid_1764849899936.png', 'طبيبة أسرة متخصصة في صحة المرأة والفحوصات الوقائية الشاملة.', 'Family Medicine Consultant focusing on women''s health and comprehensive preventive care.', now(), now()
    );
EXCEPTION WHEN unique_violation THEN NULL;
END $$;

INSERT INTO doctor_schedules (id, doctor_id, day_of_week, start_time, end_time, is_available)
VALUES
    (uuid_generate_v4(), 'e41249b1-1349-4951-b32e-0bee438acdd5', 1, '09:00', '17:00', true),
    (uuid_generate_v4(), 'e41249b1-1349-4951-b32e-0bee438acdd5', 2, '09:00', '17:00', true),
    (uuid_generate_v4(), 'e41249b1-1349-4951-b32e-0bee438acdd5', 3, '09:00', '14:00', true),
    (uuid_generate_v4(), 'e41249b1-1349-4951-b32e-0bee438acdd5', 4, '13:00', '21:00', true),
    (uuid_generate_v4(), 'e41249b1-1349-4951-b32e-0bee438acdd5', 0, '10:00', '16:00', true);

-- Doctor 74: Dr. Reem Al-Ali
DO $$
BEGIN
    -- Cleanup existing user with this email to prevent ID mismatch
    DELETE FROM auth.users WHERE email = 'reem.al-ali.173@marham.sa';
    
    INSERT INTO auth.users (
        id, instance_id, email, encrypted_password, email_confirmed_at, 
        created_at, updated_at, raw_app_meta_data, raw_user_meta_data, aud, role
    ) VALUES (
        '96f5d1cf-27a8-4175-b31e-987ef117e0e1', '00000000-0000-0000-0000-000000000000', 'reem.al-ali.173@marham.sa', 
        crypt('password123', gen_salt('bf')), now(), now(), now(), 
        '{"provider":"email","providers":["email"]}', 
        '{"full_name":"Dr. Reem Al-Ali","role":"doctor"}', 
        'authenticated', 'authenticated'
    );
EXCEPTION WHEN unique_violation THEN NULL;
END $$;

DO $$
BEGIN
    INSERT INTO profiles (id, role, full_name_ar, full_name_en, city, created_at, updated_at)
    VALUES (
        '96f5d1cf-27a8-4175-b31e-987ef117e0e1', 'doctor', 'د. سارة العلي', 'Dr. Reem Al-Ali', 'Dammam', now(), now()
    );
EXCEPTION WHEN unique_violation THEN NULL;
END $$;

DO $$
BEGIN
    INSERT INTO doctors (
        id, profile_id, scfhs_license, specialty, sub_specialties, hospital, 
        experience_years, consultation_price, rating, total_consultations, 
        status, profile_photo_url, bio_ar, bio_en, created_at, updated_at
    ) VALUES (
        '21466750-12a0-4c37-aafa-8a5fec1b934f', '96f5d1cf-27a8-4175-b31e-987ef117e0e1', '100073', 'Family Medicine', 
        ARRAY['Women''s Health','Preventive Care'], 'Family Care Center', 
        22, 250, 4.8, 210, 
        'approved', '/images/doctors/doctor_sarah_ahmed_1764849887752.png', 'طبيبة أسرة متخصصة في صحة المرأة والفحوصات الوقائية الشاملة.', 'Family Medicine Consultant focusing on women''s health and comprehensive preventive care.', now(), now()
    );
EXCEPTION WHEN unique_violation THEN NULL;
END $$;

INSERT INTO doctor_schedules (id, doctor_id, day_of_week, start_time, end_time, is_available)
VALUES
    (uuid_generate_v4(), '21466750-12a0-4c37-aafa-8a5fec1b934f', 1, '09:00', '17:00', true),
    (uuid_generate_v4(), '21466750-12a0-4c37-aafa-8a5fec1b934f', 2, '09:00', '17:00', true),
    (uuid_generate_v4(), '21466750-12a0-4c37-aafa-8a5fec1b934f', 3, '09:00', '14:00', true),
    (uuid_generate_v4(), '21466750-12a0-4c37-aafa-8a5fec1b934f', 4, '13:00', '21:00', true),
    (uuid_generate_v4(), '21466750-12a0-4c37-aafa-8a5fec1b934f', 0, '10:00', '16:00', true);

-- Doctor 75: Dr. Maha Al-Otaibi
DO $$
BEGIN
    -- Cleanup existing user with this email to prevent ID mismatch
    DELETE FROM auth.users WHERE email = 'maha.al-otaibi.174@marham.sa';
    
    INSERT INTO auth.users (
        id, instance_id, email, encrypted_password, email_confirmed_at, 
        created_at, updated_at, raw_app_meta_data, raw_user_meta_data, aud, role
    ) VALUES (
        'ced8877c-9b24-469e-aaed-fbe98a7bb9f0', '00000000-0000-0000-0000-000000000000', 'maha.al-otaibi.174@marham.sa', 
        crypt('password123', gen_salt('bf')), now(), now(), now(), 
        '{"provider":"email","providers":["email"]}', 
        '{"full_name":"Dr. Maha Al-Otaibi","role":"doctor"}', 
        'authenticated', 'authenticated'
    );
EXCEPTION WHEN unique_violation THEN NULL;
END $$;

DO $$
BEGIN
    INSERT INTO profiles (id, role, full_name_ar, full_name_en, city, created_at, updated_at)
    VALUES (
        'ced8877c-9b24-469e-aaed-fbe98a7bb9f0', 'doctor', 'د. جميلة العتيبي', 'Dr. Maha Al-Otaibi', 'Riyadh', now(), now()
    );
EXCEPTION WHEN unique_violation THEN NULL;
END $$;

DO $$
BEGIN
    INSERT INTO doctors (
        id, profile_id, scfhs_license, specialty, sub_specialties, hospital, 
        experience_years, consultation_price, rating, total_consultations, 
        status, profile_photo_url, bio_ar, bio_en, created_at, updated_at
    ) VALUES (
        '0b84aaba-755c-42f4-b3e6-b6fd841bb514', 'ced8877c-9b24-469e-aaed-fbe98a7bb9f0', '100074', 'Mental Health', 
        ARRAY['Women''s Psychiatry','Postpartum Depression','Anxiety'], 'Medcare Hospital', 
        5, 500, 4.5, 118, 
        'approved', '/images/doctors/doctor_leila_khalid_1764849830840.png', 'استشارية الطب النفسي، متخصصة في صحة المرأة النفسية، واكتئاب ما بعد الولادة والقلق.', 'Consultant Psychiatrist specializing in women''s mental health, postpartum depression, and anxiety.', now(), now()
    );
EXCEPTION WHEN unique_violation THEN NULL;
END $$;

INSERT INTO doctor_schedules (id, doctor_id, day_of_week, start_time, end_time, is_available)
VALUES
    (uuid_generate_v4(), '0b84aaba-755c-42f4-b3e6-b6fd841bb514', 1, '09:00', '17:00', true),
    (uuid_generate_v4(), '0b84aaba-755c-42f4-b3e6-b6fd841bb514', 2, '09:00', '17:00', true),
    (uuid_generate_v4(), '0b84aaba-755c-42f4-b3e6-b6fd841bb514', 3, '09:00', '14:00', true),
    (uuid_generate_v4(), '0b84aaba-755c-42f4-b3e6-b6fd841bb514', 4, '13:00', '21:00', true),
    (uuid_generate_v4(), '0b84aaba-755c-42f4-b3e6-b6fd841bb514', 0, '10:00', '16:00', true);

-- Doctor 76: Dr. Reem Al-Zahrani
DO $$
BEGIN
    -- Cleanup existing user with this email to prevent ID mismatch
    DELETE FROM auth.users WHERE email = 'reem.al-zahrani.175@marham.sa';
    
    INSERT INTO auth.users (
        id, instance_id, email, encrypted_password, email_confirmed_at, 
        created_at, updated_at, raw_app_meta_data, raw_user_meta_data, aud, role
    ) VALUES (
        '5931c41d-b45b-4cd0-b7b7-fb550de217e9', '00000000-0000-0000-0000-000000000000', 'reem.al-zahrani.175@marham.sa', 
        crypt('password123', gen_salt('bf')), now(), now(), now(), 
        '{"provider":"email","providers":["email"]}', 
        '{"full_name":"Dr. Reem Al-Zahrani","role":"doctor"}', 
        'authenticated', 'authenticated'
    );
EXCEPTION WHEN unique_violation THEN NULL;
END $$;

DO $$
BEGIN
    INSERT INTO profiles (id, role, full_name_ar, full_name_en, city, created_at, updated_at)
    VALUES (
        '5931c41d-b45b-4cd0-b7b7-fb550de217e9', 'doctor', 'د. منيرة الزهراني', 'Dr. Reem Al-Zahrani', 'Khobar', now(), now()
    );
EXCEPTION WHEN unique_violation THEN NULL;
END $$;

DO $$
BEGIN
    INSERT INTO doctors (
        id, profile_id, scfhs_license, specialty, sub_specialties, hospital, 
        experience_years, consultation_price, rating, total_consultations, 
        status, profile_photo_url, bio_ar, bio_en, created_at, updated_at
    ) VALUES (
        'c351920a-72e5-4610-970d-c3a1c8d0d41d', '5931c41d-b45b-4cd0-b7b7-fb550de217e9', '100075', 'Mental Health', 
        ARRAY['Women''s Psychiatry','Postpartum Depression','Anxiety'], 'Maudsley Health', 
        23, 350, 4.4, 325, 
        'approved', '/images/doctors/doctor_fatima_ali_1764849767672.png', 'استشارية الطب النفسي، متخصصة في صحة المرأة النفسية، واكتئاب ما بعد الولادة والقلق.', 'Consultant Psychiatrist specializing in women''s mental health, postpartum depression, and anxiety.', now(), now()
    );
EXCEPTION WHEN unique_violation THEN NULL;
END $$;

INSERT INTO doctor_schedules (id, doctor_id, day_of_week, start_time, end_time, is_available)
VALUES
    (uuid_generate_v4(), 'c351920a-72e5-4610-970d-c3a1c8d0d41d', 1, '09:00', '17:00', true),
    (uuid_generate_v4(), 'c351920a-72e5-4610-970d-c3a1c8d0d41d', 2, '09:00', '17:00', true),
    (uuid_generate_v4(), 'c351920a-72e5-4610-970d-c3a1c8d0d41d', 3, '09:00', '14:00', true),
    (uuid_generate_v4(), 'c351920a-72e5-4610-970d-c3a1c8d0d41d', 4, '13:00', '21:00', true),
    (uuid_generate_v4(), 'c351920a-72e5-4610-970d-c3a1c8d0d41d', 0, '10:00', '16:00', true);

-- Doctor 77: Dr. Munira Al-Qahtani
DO $$
BEGIN
    -- Cleanup existing user with this email to prevent ID mismatch
    DELETE FROM auth.users WHERE email = 'munira.al-qahtani.176@marham.sa';
    
    INSERT INTO auth.users (
        id, instance_id, email, encrypted_password, email_confirmed_at, 
        created_at, updated_at, raw_app_meta_data, raw_user_meta_data, aud, role
    ) VALUES (
        '1f29b9de-ecab-4b5f-aa54-63ed4b65419e', '00000000-0000-0000-0000-000000000000', 'munira.al-qahtani.176@marham.sa', 
        crypt('password123', gen_salt('bf')), now(), now(), now(), 
        '{"provider":"email","providers":["email"]}', 
        '{"full_name":"Dr. Munira Al-Qahtani","role":"doctor"}', 
        'authenticated', 'authenticated'
    );
EXCEPTION WHEN unique_violation THEN NULL;
END $$;

DO $$
BEGIN
    INSERT INTO profiles (id, role, full_name_ar, full_name_en, city, created_at, updated_at)
    VALUES (
        '1f29b9de-ecab-4b5f-aa54-63ed4b65419e', 'doctor', 'د. عائشة القحطاني', 'Dr. Munira Al-Qahtani', 'Dammam', now(), now()
    );
EXCEPTION WHEN unique_violation THEN NULL;
END $$;

DO $$
BEGIN
    INSERT INTO doctors (
        id, profile_id, scfhs_license, specialty, sub_specialties, hospital, 
        experience_years, consultation_price, rating, total_consultations, 
        status, profile_photo_url, bio_ar, bio_en, created_at, updated_at
    ) VALUES (
        '6defd014-4deb-42f7-9c35-ca668a0d509e', '1f29b9de-ecab-4b5f-aa54-63ed4b65419e', '100076', 'Family Medicine', 
        ARRAY['Women''s Health','Preventive Care'], 'Family Care Center', 
        13, 250, 5.0, 74, 
        'approved', '/images/doctors/doctor_amira_fahad_1764849818816.png', 'طبيبة أسرة متخصصة في صحة المرأة والفحوصات الوقائية الشاملة.', 'Family Medicine Consultant focusing on women''s health and comprehensive preventive care.', now(), now()
    );
EXCEPTION WHEN unique_violation THEN NULL;
END $$;

INSERT INTO doctor_schedules (id, doctor_id, day_of_week, start_time, end_time, is_available)
VALUES
    (uuid_generate_v4(), '6defd014-4deb-42f7-9c35-ca668a0d509e', 1, '09:00', '17:00', true),
    (uuid_generate_v4(), '6defd014-4deb-42f7-9c35-ca668a0d509e', 2, '09:00', '17:00', true),
    (uuid_generate_v4(), '6defd014-4deb-42f7-9c35-ca668a0d509e', 3, '09:00', '14:00', true),
    (uuid_generate_v4(), '6defd014-4deb-42f7-9c35-ca668a0d509e', 4, '13:00', '21:00', true),
    (uuid_generate_v4(), '6defd014-4deb-42f7-9c35-ca668a0d509e', 0, '10:00', '16:00', true);

-- Doctor 78: Dr. Jamila Al-Otaibi
DO $$
BEGIN
    -- Cleanup existing user with this email to prevent ID mismatch
    DELETE FROM auth.users WHERE email = 'jamila.al-otaibi.177@marham.sa';
    
    INSERT INTO auth.users (
        id, instance_id, email, encrypted_password, email_confirmed_at, 
        created_at, updated_at, raw_app_meta_data, raw_user_meta_data, aud, role
    ) VALUES (
        '69abbc4e-4e36-45fb-ba13-72577cbd3fe2', '00000000-0000-0000-0000-000000000000', 'jamila.al-otaibi.177@marham.sa', 
        crypt('password123', gen_salt('bf')), now(), now(), now(), 
        '{"provider":"email","providers":["email"]}', 
        '{"full_name":"Dr. Jamila Al-Otaibi","role":"doctor"}', 
        'authenticated', 'authenticated'
    );
EXCEPTION WHEN unique_violation THEN NULL;
END $$;

DO $$
BEGIN
    INSERT INTO profiles (id, role, full_name_ar, full_name_en, city, created_at, updated_at)
    VALUES (
        '69abbc4e-4e36-45fb-ba13-72577cbd3fe2', 'doctor', 'د. مها العتيبي', 'Dr. Jamila Al-Otaibi', 'Khobar', now(), now()
    );
EXCEPTION WHEN unique_violation THEN NULL;
END $$;

DO $$
BEGIN
    INSERT INTO doctors (
        id, profile_id, scfhs_license, specialty, sub_specialties, hospital, 
        experience_years, consultation_price, rating, total_consultations, 
        status, profile_photo_url, bio_ar, bio_en, created_at, updated_at
    ) VALUES (
        '16abdb7f-4479-41cc-8a12-1c20548778f6', '69abbc4e-4e36-45fb-ba13-72577cbd3fe2', '100077', 'OB/GYN', 
        ARRAY['Infertility & IVF','Pregnancy Follow-up','Fetal Medicine'], 'Habib Medical Group', 
        24, 500, 4.6, 89, 
        'approved', '/images/doctors/ai_doctor_grey.png', 'استشارية أمراض النساء والولادة وعلاج العقم. خبرة واسعة في متابعة الحمل عالي الخطورة وعمليات أطفال الأنابيب.', 'Consultant OB/GYN and Infertility specialist. Extensive experience in high-risk pregnancies and IVF procedures.', now(), now()
    );
EXCEPTION WHEN unique_violation THEN NULL;
END $$;

INSERT INTO doctor_schedules (id, doctor_id, day_of_week, start_time, end_time, is_available)
VALUES
    (uuid_generate_v4(), '16abdb7f-4479-41cc-8a12-1c20548778f6', 1, '09:00', '17:00', true),
    (uuid_generate_v4(), '16abdb7f-4479-41cc-8a12-1c20548778f6', 2, '09:00', '17:00', true),
    (uuid_generate_v4(), '16abdb7f-4479-41cc-8a12-1c20548778f6', 3, '09:00', '14:00', true),
    (uuid_generate_v4(), '16abdb7f-4479-41cc-8a12-1c20548778f6', 4, '13:00', '21:00', true),
    (uuid_generate_v4(), '16abdb7f-4479-41cc-8a12-1c20548778f6', 0, '10:00', '16:00', true);

-- Doctor 79: Dr. Munira Al-Omari
DO $$
BEGIN
    -- Cleanup existing user with this email to prevent ID mismatch
    DELETE FROM auth.users WHERE email = 'munira.al-omari.178@marham.sa';
    
    INSERT INTO auth.users (
        id, instance_id, email, encrypted_password, email_confirmed_at, 
        created_at, updated_at, raw_app_meta_data, raw_user_meta_data, aud, role
    ) VALUES (
        '670697c7-554c-46b1-8de1-305c1ef6852c', '00000000-0000-0000-0000-000000000000', 'munira.al-omari.178@marham.sa', 
        crypt('password123', gen_salt('bf')), now(), now(), now(), 
        '{"provider":"email","providers":["email"]}', 
        '{"full_name":"Dr. Munira Al-Omari","role":"doctor"}', 
        'authenticated', 'authenticated'
    );
EXCEPTION WHEN unique_violation THEN NULL;
END $$;

DO $$
BEGIN
    INSERT INTO profiles (id, role, full_name_ar, full_name_en, city, created_at, updated_at)
    VALUES (
        '670697c7-554c-46b1-8de1-305c1ef6852c', 'doctor', 'د. جميلة العمري', 'Dr. Munira Al-Omari', 'Mecca', now(), now()
    );
EXCEPTION WHEN unique_violation THEN NULL;
END $$;

DO $$
BEGIN
    INSERT INTO doctors (
        id, profile_id, scfhs_license, specialty, sub_specialties, hospital, 
        experience_years, consultation_price, rating, total_consultations, 
        status, profile_photo_url, bio_ar, bio_en, created_at, updated_at
    ) VALUES (
        '25ad31ea-eedf-48fa-8e4f-0461487361df', '670697c7-554c-46b1-8de1-305c1ef6852c', '100078', 'Breast Surgery', 
        ARRAY['Breast Oncology','Reconstructive Surgery'], 'King Fahad Medical City', 
        17, 400, 4.9, 59, 
        'approved', '/images/doctors/ai_doctor_blue.png', 'استشارية جراحة أورام الثدي والجراحة الترميمية. الكشف المبكر والعلاج الجراحي.', 'Consultant Breast Surgeon specializing in oncology and reconstructive surgery.', now(), now()
    );
EXCEPTION WHEN unique_violation THEN NULL;
END $$;

INSERT INTO doctor_schedules (id, doctor_id, day_of_week, start_time, end_time, is_available)
VALUES
    (uuid_generate_v4(), '25ad31ea-eedf-48fa-8e4f-0461487361df', 1, '09:00', '17:00', true),
    (uuid_generate_v4(), '25ad31ea-eedf-48fa-8e4f-0461487361df', 2, '09:00', '17:00', true),
    (uuid_generate_v4(), '25ad31ea-eedf-48fa-8e4f-0461487361df', 3, '09:00', '14:00', true),
    (uuid_generate_v4(), '25ad31ea-eedf-48fa-8e4f-0461487361df', 4, '13:00', '21:00', true),
    (uuid_generate_v4(), '25ad31ea-eedf-48fa-8e4f-0461487361df', 0, '10:00', '16:00', true);

-- Doctor 80: Dr. Hessa Al-Shamrani
DO $$
BEGIN
    -- Cleanup existing user with this email to prevent ID mismatch
    DELETE FROM auth.users WHERE email = 'hessa.al-shamrani.179@marham.sa';
    
    INSERT INTO auth.users (
        id, instance_id, email, encrypted_password, email_confirmed_at, 
        created_at, updated_at, raw_app_meta_data, raw_user_meta_data, aud, role
    ) VALUES (
        '25d1a1f9-3280-46bc-b6bf-34d08e2ce084', '00000000-0000-0000-0000-000000000000', 'hessa.al-shamrani.179@marham.sa', 
        crypt('password123', gen_salt('bf')), now(), now(), now(), 
        '{"provider":"email","providers":["email"]}', 
        '{"full_name":"Dr. Hessa Al-Shamrani","role":"doctor"}', 
        'authenticated', 'authenticated'
    );
EXCEPTION WHEN unique_violation THEN NULL;
END $$;

DO $$
BEGIN
    INSERT INTO profiles (id, role, full_name_ar, full_name_en, city, created_at, updated_at)
    VALUES (
        '25d1a1f9-3280-46bc-b6bf-34d08e2ce084', 'doctor', 'د. لطيفة الشمراني', 'Dr. Hessa Al-Shamrani', 'Riyadh', now(), now()
    );
EXCEPTION WHEN unique_violation THEN NULL;
END $$;

DO $$
BEGIN
    INSERT INTO doctors (
        id, profile_id, scfhs_license, specialty, sub_specialties, hospital, 
        experience_years, consultation_price, rating, total_consultations, 
        status, profile_photo_url, bio_ar, bio_en, created_at, updated_at
    ) VALUES (
        'a67cd076-b753-4f71-a9b7-f98fab143d14', '25d1a1f9-3280-46bc-b6bf-34d08e2ce084', '100079', 'Nutrition', 
        ARRAY['Weight Management','Pregnancy Nutrition','PCOS Diet'], 'Habib Medical Group', 
        23, 400, 4.5, 220, 
        'approved', '/images/doctors/ai_doctor_senior.png', 'أخصائية تغذية علاجية، برامج متخصصة لمرضى تكيس المبايض وتغذية الحوامل وإنقاص الوزن.', 'Clinical Nutritionist specializing in PCOS management, pregnancy nutrition, and weight loss.', now(), now()
    );
EXCEPTION WHEN unique_violation THEN NULL;
END $$;

INSERT INTO doctor_schedules (id, doctor_id, day_of_week, start_time, end_time, is_available)
VALUES
    (uuid_generate_v4(), 'a67cd076-b753-4f71-a9b7-f98fab143d14', 1, '09:00', '17:00', true),
    (uuid_generate_v4(), 'a67cd076-b753-4f71-a9b7-f98fab143d14', 2, '09:00', '17:00', true),
    (uuid_generate_v4(), 'a67cd076-b753-4f71-a9b7-f98fab143d14', 3, '09:00', '14:00', true),
    (uuid_generate_v4(), 'a67cd076-b753-4f71-a9b7-f98fab143d14', 4, '13:00', '21:00', true),
    (uuid_generate_v4(), 'a67cd076-b753-4f71-a9b7-f98fab143d14', 0, '10:00', '16:00', true);

-- Doctor 81: Dr. Layla Al-Otaibi
DO $$
BEGIN
    -- Cleanup existing user with this email to prevent ID mismatch
    DELETE FROM auth.users WHERE email = 'layla.al-otaibi.180@marham.sa';
    
    INSERT INTO auth.users (
        id, instance_id, email, encrypted_password, email_confirmed_at, 
        created_at, updated_at, raw_app_meta_data, raw_user_meta_data, aud, role
    ) VALUES (
        '8518e96b-74c4-42a1-9c18-c9d61281f784', '00000000-0000-0000-0000-000000000000', 'layla.al-otaibi.180@marham.sa', 
        crypt('password123', gen_salt('bf')), now(), now(), now(), 
        '{"provider":"email","providers":["email"]}', 
        '{"full_name":"Dr. Layla Al-Otaibi","role":"doctor"}', 
        'authenticated', 'authenticated'
    );
EXCEPTION WHEN unique_violation THEN NULL;
END $$;

DO $$
BEGIN
    INSERT INTO profiles (id, role, full_name_ar, full_name_en, city, created_at, updated_at)
    VALUES (
        '8518e96b-74c4-42a1-9c18-c9d61281f784', 'doctor', 'د. منيرة العتيبي', 'Dr. Layla Al-Otaibi', 'Dammam', now(), now()
    );
EXCEPTION WHEN unique_violation THEN NULL;
END $$;

DO $$
BEGIN
    INSERT INTO doctors (
        id, profile_id, scfhs_license, specialty, sub_specialties, hospital, 
        experience_years, consultation_price, rating, total_consultations, 
        status, profile_photo_url, bio_ar, bio_en, created_at, updated_at
    ) VALUES (
        '61644671-3145-4488-8c86-f151fd1b560d', '8518e96b-74c4-42a1-9c18-c9d61281f784', '100080', 'Family Medicine', 
        ARRAY['Women''s Health','Preventive Care'], 'Family Care Center', 
        10, 150, 4.9, 61, 
        'approved', '/images/doctors/ai_doctor_beige.png', 'طبيبة أسرة متخصصة في صحة المرأة والفحوصات الوقائية الشاملة.', 'Family Medicine Consultant focusing on women''s health and comprehensive preventive care.', now(), now()
    );
EXCEPTION WHEN unique_violation THEN NULL;
END $$;

INSERT INTO doctor_schedules (id, doctor_id, day_of_week, start_time, end_time, is_available)
VALUES
    (uuid_generate_v4(), '61644671-3145-4488-8c86-f151fd1b560d', 1, '09:00', '17:00', true),
    (uuid_generate_v4(), '61644671-3145-4488-8c86-f151fd1b560d', 2, '09:00', '17:00', true),
    (uuid_generate_v4(), '61644671-3145-4488-8c86-f151fd1b560d', 3, '09:00', '14:00', true),
    (uuid_generate_v4(), '61644671-3145-4488-8c86-f151fd1b560d', 4, '13:00', '21:00', true),
    (uuid_generate_v4(), '61644671-3145-4488-8c86-f151fd1b560d', 0, '10:00', '16:00', true);

-- Doctor 82: Dr. Dalal Al-Qahtani
DO $$
BEGIN
    -- Cleanup existing user with this email to prevent ID mismatch
    DELETE FROM auth.users WHERE email = 'dalal.al-qahtani.181@marham.sa';
    
    INSERT INTO auth.users (
        id, instance_id, email, encrypted_password, email_confirmed_at, 
        created_at, updated_at, raw_app_meta_data, raw_user_meta_data, aud, role
    ) VALUES (
        'a1c12f50-5483-4a75-9d2e-e919116010a8', '00000000-0000-0000-0000-000000000000', 'dalal.al-qahtani.181@marham.sa', 
        crypt('password123', gen_salt('bf')), now(), now(), now(), 
        '{"provider":"email","providers":["email"]}', 
        '{"full_name":"Dr. Dalal Al-Qahtani","role":"doctor"}', 
        'authenticated', 'authenticated'
    );
EXCEPTION WHEN unique_violation THEN NULL;
END $$;

DO $$
BEGIN
    INSERT INTO profiles (id, role, full_name_ar, full_name_en, city, created_at, updated_at)
    VALUES (
        'a1c12f50-5483-4a75-9d2e-e919116010a8', 'doctor', 'د. سارة القحطاني', 'Dr. Dalal Al-Qahtani', 'Dammam', now(), now()
    );
EXCEPTION WHEN unique_violation THEN NULL;
END $$;

DO $$
BEGIN
    INSERT INTO doctors (
        id, profile_id, scfhs_license, specialty, sub_specialties, hospital, 
        experience_years, consultation_price, rating, total_consultations, 
        status, profile_photo_url, bio_ar, bio_en, created_at, updated_at
    ) VALUES (
        '97f0c9af-5d93-4a2c-a78b-3005c094b04f', 'a1c12f50-5483-4a75-9d2e-e919116010a8', '100081', 'Mental Health', 
        ARRAY['Women''s Psychiatry','Postpartum Depression','Anxiety'], 'Maudsley Health', 
        15, 200, 4.8, 110, 
        'approved', '/images/doctors/doctor_noura_alrashid_1764849899936.png', 'استشارية الطب النفسي، متخصصة في صحة المرأة النفسية، واكتئاب ما بعد الولادة والقلق.', 'Consultant Psychiatrist specializing in women''s mental health, postpartum depression, and anxiety.', now(), now()
    );
EXCEPTION WHEN unique_violation THEN NULL;
END $$;

INSERT INTO doctor_schedules (id, doctor_id, day_of_week, start_time, end_time, is_available)
VALUES
    (uuid_generate_v4(), '97f0c9af-5d93-4a2c-a78b-3005c094b04f', 1, '09:00', '17:00', true),
    (uuid_generate_v4(), '97f0c9af-5d93-4a2c-a78b-3005c094b04f', 2, '09:00', '17:00', true),
    (uuid_generate_v4(), '97f0c9af-5d93-4a2c-a78b-3005c094b04f', 3, '09:00', '14:00', true),
    (uuid_generate_v4(), '97f0c9af-5d93-4a2c-a78b-3005c094b04f', 4, '13:00', '21:00', true),
    (uuid_generate_v4(), '97f0c9af-5d93-4a2c-a78b-3005c094b04f', 0, '10:00', '16:00', true);

-- Doctor 83: Dr. Kholoud Al-Ghamdi
DO $$
BEGIN
    -- Cleanup existing user with this email to prevent ID mismatch
    DELETE FROM auth.users WHERE email = 'kholoud.al-ghamdi.182@marham.sa';
    
    INSERT INTO auth.users (
        id, instance_id, email, encrypted_password, email_confirmed_at, 
        created_at, updated_at, raw_app_meta_data, raw_user_meta_data, aud, role
    ) VALUES (
        'd9bd7c6d-d29f-4b0d-bc23-5f8ce5f003d8', '00000000-0000-0000-0000-000000000000', 'kholoud.al-ghamdi.182@marham.sa', 
        crypt('password123', gen_salt('bf')), now(), now(), now(), 
        '{"provider":"email","providers":["email"]}', 
        '{"full_name":"Dr. Kholoud Al-Ghamdi","role":"doctor"}', 
        'authenticated', 'authenticated'
    );
EXCEPTION WHEN unique_violation THEN NULL;
END $$;

DO $$
BEGIN
    INSERT INTO profiles (id, role, full_name_ar, full_name_en, city, created_at, updated_at)
    VALUES (
        'd9bd7c6d-d29f-4b0d-bc23-5f8ce5f003d8', 'doctor', 'د. جميلة الغامدي', 'Dr. Kholoud Al-Ghamdi', 'Riyadh', now(), now()
    );
EXCEPTION WHEN unique_violation THEN NULL;
END $$;

DO $$
BEGIN
    INSERT INTO doctors (
        id, profile_id, scfhs_license, specialty, sub_specialties, hospital, 
        experience_years, consultation_price, rating, total_consultations, 
        status, profile_photo_url, bio_ar, bio_en, created_at, updated_at
    ) VALUES (
        'fa2c2968-662a-434a-9bf5-b7658b253502', 'd9bd7c6d-d29f-4b0d-bc23-5f8ce5f003d8', '100082', 'Nutrition', 
        ARRAY['Weight Management','Pregnancy Nutrition','PCOS Diet'], 'Diet Center', 
        18, 450, 4.6, 268, 
        'approved', '/images/doctors/doctor_sarah_ahmed_1764849887752.png', 'أخصائية تغذية علاجية، برامج متخصصة لمرضى تكيس المبايض وتغذية الحوامل وإنقاص الوزن.', 'Clinical Nutritionist specializing in PCOS management, pregnancy nutrition, and weight loss.', now(), now()
    );
EXCEPTION WHEN unique_violation THEN NULL;
END $$;

INSERT INTO doctor_schedules (id, doctor_id, day_of_week, start_time, end_time, is_available)
VALUES
    (uuid_generate_v4(), 'fa2c2968-662a-434a-9bf5-b7658b253502', 1, '09:00', '17:00', true),
    (uuid_generate_v4(), 'fa2c2968-662a-434a-9bf5-b7658b253502', 2, '09:00', '17:00', true),
    (uuid_generate_v4(), 'fa2c2968-662a-434a-9bf5-b7658b253502', 3, '09:00', '14:00', true),
    (uuid_generate_v4(), 'fa2c2968-662a-434a-9bf5-b7658b253502', 4, '13:00', '21:00', true),
    (uuid_generate_v4(), 'fa2c2968-662a-434a-9bf5-b7658b253502', 0, '10:00', '16:00', true);

-- Doctor 84: Dr. Aljawhara Al-Ghamdi
DO $$
BEGIN
    -- Cleanup existing user with this email to prevent ID mismatch
    DELETE FROM auth.users WHERE email = 'aljawhara.al-ghamdi.183@marham.sa';
    
    INSERT INTO auth.users (
        id, instance_id, email, encrypted_password, email_confirmed_at, 
        created_at, updated_at, raw_app_meta_data, raw_user_meta_data, aud, role
    ) VALUES (
        'aa966965-6ac9-4bfc-b3a8-f386d4d3e14d', '00000000-0000-0000-0000-000000000000', 'aljawhara.al-ghamdi.183@marham.sa', 
        crypt('password123', gen_salt('bf')), now(), now(), now(), 
        '{"provider":"email","providers":["email"]}', 
        '{"full_name":"Dr. Aljawhara Al-Ghamdi","role":"doctor"}', 
        'authenticated', 'authenticated'
    );
EXCEPTION WHEN unique_violation THEN NULL;
END $$;

DO $$
BEGIN
    INSERT INTO profiles (id, role, full_name_ar, full_name_en, city, created_at, updated_at)
    VALUES (
        'aa966965-6ac9-4bfc-b3a8-f386d4d3e14d', 'doctor', 'د. سمر الغامدي', 'Dr. Aljawhara Al-Ghamdi', 'Jeddah', now(), now()
    );
EXCEPTION WHEN unique_violation THEN NULL;
END $$;

DO $$
BEGIN
    INSERT INTO doctors (
        id, profile_id, scfhs_license, specialty, sub_specialties, hospital, 
        experience_years, consultation_price, rating, total_consultations, 
        status, profile_photo_url, bio_ar, bio_en, created_at, updated_at
    ) VALUES (
        '58c1009a-5740-49c6-b539-dd1453ae13b5', 'aa966965-6ac9-4bfc-b3a8-f386d4d3e14d', '100083', 'Mental Health', 
        ARRAY['Women''s Psychiatry','Postpartum Depression','Anxiety'], 'Mutmaena Center', 
        19, 250, 5.0, 225, 
        'approved', '/images/doctors/doctor_leila_khalid_1764849830840.png', 'استشارية الطب النفسي، متخصصة في صحة المرأة النفسية، واكتئاب ما بعد الولادة والقلق.', 'Consultant Psychiatrist specializing in women''s mental health, postpartum depression, and anxiety.', now(), now()
    );
EXCEPTION WHEN unique_violation THEN NULL;
END $$;

INSERT INTO doctor_schedules (id, doctor_id, day_of_week, start_time, end_time, is_available)
VALUES
    (uuid_generate_v4(), '58c1009a-5740-49c6-b539-dd1453ae13b5', 1, '09:00', '17:00', true),
    (uuid_generate_v4(), '58c1009a-5740-49c6-b539-dd1453ae13b5', 2, '09:00', '17:00', true),
    (uuid_generate_v4(), '58c1009a-5740-49c6-b539-dd1453ae13b5', 3, '09:00', '14:00', true),
    (uuid_generate_v4(), '58c1009a-5740-49c6-b539-dd1453ae13b5', 4, '13:00', '21:00', true),
    (uuid_generate_v4(), '58c1009a-5740-49c6-b539-dd1453ae13b5', 0, '10:00', '16:00', true);

-- Doctor 85: Dr. Samar Al-Subaie
DO $$
BEGIN
    -- Cleanup existing user with this email to prevent ID mismatch
    DELETE FROM auth.users WHERE email = 'samar.al-subaie.184@marham.sa';
    
    INSERT INTO auth.users (
        id, instance_id, email, encrypted_password, email_confirmed_at, 
        created_at, updated_at, raw_app_meta_data, raw_user_meta_data, aud, role
    ) VALUES (
        'cfcfbde0-1fff-40d6-ad57-8b9ac3206955', '00000000-0000-0000-0000-000000000000', 'samar.al-subaie.184@marham.sa', 
        crypt('password123', gen_salt('bf')), now(), now(), now(), 
        '{"provider":"email","providers":["email"]}', 
        '{"full_name":"Dr. Samar Al-Subaie","role":"doctor"}', 
        'authenticated', 'authenticated'
    );
EXCEPTION WHEN unique_violation THEN NULL;
END $$;

DO $$
BEGIN
    INSERT INTO profiles (id, role, full_name_ar, full_name_en, city, created_at, updated_at)
    VALUES (
        'cfcfbde0-1fff-40d6-ad57-8b9ac3206955', 'doctor', 'د. فاطمة السبيعي', 'Dr. Samar Al-Subaie', 'Jeddah', now(), now()
    );
EXCEPTION WHEN unique_violation THEN NULL;
END $$;

DO $$
BEGIN
    INSERT INTO doctors (
        id, profile_id, scfhs_license, specialty, sub_specialties, hospital, 
        experience_years, consultation_price, rating, total_consultations, 
        status, profile_photo_url, bio_ar, bio_en, created_at, updated_at
    ) VALUES (
        'ee90fb14-c578-4984-b3c6-379b379b5feb', 'cfcfbde0-1fff-40d6-ad57-8b9ac3206955', '100084', 'Family Medicine', 
        ARRAY['Women''s Health','Preventive Care'], 'My Clinic', 
        18, 150, 4.3, 518, 
        'approved', '/images/doctors/doctor_fatima_ali_1764849767672.png', 'طبيبة أسرة متخصصة في صحة المرأة والفحوصات الوقائية الشاملة.', 'Family Medicine Consultant focusing on women''s health and comprehensive preventive care.', now(), now()
    );
EXCEPTION WHEN unique_violation THEN NULL;
END $$;

INSERT INTO doctor_schedules (id, doctor_id, day_of_week, start_time, end_time, is_available)
VALUES
    (uuid_generate_v4(), 'ee90fb14-c578-4984-b3c6-379b379b5feb', 1, '09:00', '17:00', true),
    (uuid_generate_v4(), 'ee90fb14-c578-4984-b3c6-379b379b5feb', 2, '09:00', '17:00', true),
    (uuid_generate_v4(), 'ee90fb14-c578-4984-b3c6-379b379b5feb', 3, '09:00', '14:00', true),
    (uuid_generate_v4(), 'ee90fb14-c578-4984-b3c6-379b379b5feb', 4, '13:00', '21:00', true),
    (uuid_generate_v4(), 'ee90fb14-c578-4984-b3c6-379b379b5feb', 0, '10:00', '16:00', true);

-- Doctor 86: Dr. Haya Al-Shehri
DO $$
BEGIN
    -- Cleanup existing user with this email to prevent ID mismatch
    DELETE FROM auth.users WHERE email = 'haya.al-shehri.185@marham.sa';
    
    INSERT INTO auth.users (
        id, instance_id, email, encrypted_password, email_confirmed_at, 
        created_at, updated_at, raw_app_meta_data, raw_user_meta_data, aud, role
    ) VALUES (
        '1c402d24-e718-4488-ad66-7e1be77d0d89', '00000000-0000-0000-0000-000000000000', 'haya.al-shehri.185@marham.sa', 
        crypt('password123', gen_salt('bf')), now(), now(), now(), 
        '{"provider":"email","providers":["email"]}', 
        '{"full_name":"Dr. Haya Al-Shehri","role":"doctor"}', 
        'authenticated', 'authenticated'
    );
EXCEPTION WHEN unique_violation THEN NULL;
END $$;

DO $$
BEGIN
    INSERT INTO profiles (id, role, full_name_ar, full_name_en, city, created_at, updated_at)
    VALUES (
        '1c402d24-e718-4488-ad66-7e1be77d0d89', 'doctor', 'د. دلال الشهري', 'Dr. Haya Al-Shehri', 'Khobar', now(), now()
    );
EXCEPTION WHEN unique_violation THEN NULL;
END $$;

DO $$
BEGIN
    INSERT INTO doctors (
        id, profile_id, scfhs_license, specialty, sub_specialties, hospital, 
        experience_years, consultation_price, rating, total_consultations, 
        status, profile_photo_url, bio_ar, bio_en, created_at, updated_at
    ) VALUES (
        'f5e9439b-d1ed-4f0f-b12f-beaca0c63a82', '1c402d24-e718-4488-ad66-7e1be77d0d89', '100085', 'OB/GYN', 
        ARRAY['Infertility & IVF','Pregnancy Follow-up','Fetal Medicine'], 'Habib Medical Group', 
        26, 300, 4.4, 374, 
        'approved', '/images/doctors/doctor_amira_fahad_1764849818816.png', 'استشارية أمراض النساء والولادة وعلاج العقم. خبرة واسعة في متابعة الحمل عالي الخطورة وعمليات أطفال الأنابيب.', 'Consultant OB/GYN and Infertility specialist. Extensive experience in high-risk pregnancies and IVF procedures.', now(), now()
    );
EXCEPTION WHEN unique_violation THEN NULL;
END $$;

INSERT INTO doctor_schedules (id, doctor_id, day_of_week, start_time, end_time, is_available)
VALUES
    (uuid_generate_v4(), 'f5e9439b-d1ed-4f0f-b12f-beaca0c63a82', 1, '09:00', '17:00', true),
    (uuid_generate_v4(), 'f5e9439b-d1ed-4f0f-b12f-beaca0c63a82', 2, '09:00', '17:00', true),
    (uuid_generate_v4(), 'f5e9439b-d1ed-4f0f-b12f-beaca0c63a82', 3, '09:00', '14:00', true),
    (uuid_generate_v4(), 'f5e9439b-d1ed-4f0f-b12f-beaca0c63a82', 4, '13:00', '21:00', true),
    (uuid_generate_v4(), 'f5e9439b-d1ed-4f0f-b12f-beaca0c63a82', 0, '10:00', '16:00', true);

-- Doctor 87: Dr. Latifa Al-Mutairi
DO $$
BEGIN
    -- Cleanup existing user with this email to prevent ID mismatch
    DELETE FROM auth.users WHERE email = 'latifa.al-mutairi.186@marham.sa';
    
    INSERT INTO auth.users (
        id, instance_id, email, encrypted_password, email_confirmed_at, 
        created_at, updated_at, raw_app_meta_data, raw_user_meta_data, aud, role
    ) VALUES (
        '8a3eed55-5884-4aa1-97e4-54e82d339e79', '00000000-0000-0000-0000-000000000000', 'latifa.al-mutairi.186@marham.sa', 
        crypt('password123', gen_salt('bf')), now(), now(), now(), 
        '{"provider":"email","providers":["email"]}', 
        '{"full_name":"Dr. Latifa Al-Mutairi","role":"doctor"}', 
        'authenticated', 'authenticated'
    );
EXCEPTION WHEN unique_violation THEN NULL;
END $$;

DO $$
BEGIN
    INSERT INTO profiles (id, role, full_name_ar, full_name_en, city, created_at, updated_at)
    VALUES (
        '8a3eed55-5884-4aa1-97e4-54e82d339e79', 'doctor', 'د. عائشة المطيري', 'Dr. Latifa Al-Mutairi', 'Khobar', now(), now()
    );
EXCEPTION WHEN unique_violation THEN NULL;
END $$;

DO $$
BEGIN
    INSERT INTO doctors (
        id, profile_id, scfhs_license, specialty, sub_specialties, hospital, 
        experience_years, consultation_price, rating, total_consultations, 
        status, profile_photo_url, bio_ar, bio_en, created_at, updated_at
    ) VALUES (
        'f1ff5fab-a0e8-4ece-8c97-ded2310a248e', '8a3eed55-5884-4aa1-97e4-54e82d339e79', '100086', 'OB/GYN', 
        ARRAY['Infertility & IVF','Pregnancy Follow-up','Fetal Medicine'], 'Dallah Hospital', 
        8, 500, 4.8, 391, 
        'approved', '/images/doctors/ai_doctor_grey.png', 'استشارية أمراض النساء والولادة وعلاج العقم. خبرة واسعة في متابعة الحمل عالي الخطورة وعمليات أطفال الأنابيب.', 'Consultant OB/GYN and Infertility specialist. Extensive experience in high-risk pregnancies and IVF procedures.', now(), now()
    );
EXCEPTION WHEN unique_violation THEN NULL;
END $$;

INSERT INTO doctor_schedules (id, doctor_id, day_of_week, start_time, end_time, is_available)
VALUES
    (uuid_generate_v4(), 'f1ff5fab-a0e8-4ece-8c97-ded2310a248e', 1, '09:00', '17:00', true),
    (uuid_generate_v4(), 'f1ff5fab-a0e8-4ece-8c97-ded2310a248e', 2, '09:00', '17:00', true),
    (uuid_generate_v4(), 'f1ff5fab-a0e8-4ece-8c97-ded2310a248e', 3, '09:00', '14:00', true),
    (uuid_generate_v4(), 'f1ff5fab-a0e8-4ece-8c97-ded2310a248e', 4, '13:00', '21:00', true),
    (uuid_generate_v4(), 'f1ff5fab-a0e8-4ece-8c97-ded2310a248e', 0, '10:00', '16:00', true);

-- Doctor 88: Dr. Sara Al-Ali
DO $$
BEGIN
    -- Cleanup existing user with this email to prevent ID mismatch
    DELETE FROM auth.users WHERE email = 'sara.al-ali.187@marham.sa';
    
    INSERT INTO auth.users (
        id, instance_id, email, encrypted_password, email_confirmed_at, 
        created_at, updated_at, raw_app_meta_data, raw_user_meta_data, aud, role
    ) VALUES (
        '53462e51-e423-4f94-b217-0af188ef1a28', '00000000-0000-0000-0000-000000000000', 'sara.al-ali.187@marham.sa', 
        crypt('password123', gen_salt('bf')), now(), now(), now(), 
        '{"provider":"email","providers":["email"]}', 
        '{"full_name":"Dr. Sara Al-Ali","role":"doctor"}', 
        'authenticated', 'authenticated'
    );
EXCEPTION WHEN unique_violation THEN NULL;
END $$;

DO $$
BEGIN
    INSERT INTO profiles (id, role, full_name_ar, full_name_en, city, created_at, updated_at)
    VALUES (
        '53462e51-e423-4f94-b217-0af188ef1a28', 'doctor', 'د. لطيفة العلي', 'Dr. Sara Al-Ali', 'Jeddah', now(), now()
    );
EXCEPTION WHEN unique_violation THEN NULL;
END $$;

DO $$
BEGIN
    INSERT INTO doctors (
        id, profile_id, scfhs_license, specialty, sub_specialties, hospital, 
        experience_years, consultation_price, rating, total_consultations, 
        status, profile_photo_url, bio_ar, bio_en, created_at, updated_at
    ) VALUES (
        'beeb20d0-d955-4033-8959-ebde658a6f56', '53462e51-e423-4f94-b217-0af188ef1a28', '100087', 'OB/GYN', 
        ARRAY['Infertility & IVF','Pregnancy Follow-up','Fetal Medicine'], 'Dallah Hospital', 
        20, 350, 4.4, 344, 
        'approved', '/images/doctors/ai_doctor_blue.png', 'استشارية أمراض النساء والولادة وعلاج العقم. خبرة واسعة في متابعة الحمل عالي الخطورة وعمليات أطفال الأنابيب.', 'Consultant OB/GYN and Infertility specialist. Extensive experience in high-risk pregnancies and IVF procedures.', now(), now()
    );
EXCEPTION WHEN unique_violation THEN NULL;
END $$;

INSERT INTO doctor_schedules (id, doctor_id, day_of_week, start_time, end_time, is_available)
VALUES
    (uuid_generate_v4(), 'beeb20d0-d955-4033-8959-ebde658a6f56', 1, '09:00', '17:00', true),
    (uuid_generate_v4(), 'beeb20d0-d955-4033-8959-ebde658a6f56', 2, '09:00', '17:00', true),
    (uuid_generate_v4(), 'beeb20d0-d955-4033-8959-ebde658a6f56', 3, '09:00', '14:00', true),
    (uuid_generate_v4(), 'beeb20d0-d955-4033-8959-ebde658a6f56', 4, '13:00', '21:00', true),
    (uuid_generate_v4(), 'beeb20d0-d955-4033-8959-ebde658a6f56', 0, '10:00', '16:00', true);

-- Doctor 89: Dr. Latifa Al-Subaie
DO $$
BEGIN
    -- Cleanup existing user with this email to prevent ID mismatch
    DELETE FROM auth.users WHERE email = 'latifa.al-subaie.188@marham.sa';
    
    INSERT INTO auth.users (
        id, instance_id, email, encrypted_password, email_confirmed_at, 
        created_at, updated_at, raw_app_meta_data, raw_user_meta_data, aud, role
    ) VALUES (
        'd147ac92-c8b7-4182-93ec-ef4fdfaef574', '00000000-0000-0000-0000-000000000000', 'latifa.al-subaie.188@marham.sa', 
        crypt('password123', gen_salt('bf')), now(), now(), now(), 
        '{"provider":"email","providers":["email"]}', 
        '{"full_name":"Dr. Latifa Al-Subaie","role":"doctor"}', 
        'authenticated', 'authenticated'
    );
EXCEPTION WHEN unique_violation THEN NULL;
END $$;

DO $$
BEGIN
    INSERT INTO profiles (id, role, full_name_ar, full_name_en, city, created_at, updated_at)
    VALUES (
        'd147ac92-c8b7-4182-93ec-ef4fdfaef574', 'doctor', 'د. ريم السبيعي', 'Dr. Latifa Al-Subaie', 'Riyadh', now(), now()
    );
EXCEPTION WHEN unique_violation THEN NULL;
END $$;

DO $$
BEGIN
    INSERT INTO doctors (
        id, profile_id, scfhs_license, specialty, sub_specialties, hospital, 
        experience_years, consultation_price, rating, total_consultations, 
        status, profile_photo_url, bio_ar, bio_en, created_at, updated_at
    ) VALUES (
        'f7ab93a2-a70e-4a87-a98d-4f349f89cb47', 'd147ac92-c8b7-4182-93ec-ef4fdfaef574', '100088', 'Mental Health', 
        ARRAY['Women''s Psychiatry','Postpartum Depression','Anxiety'], 'Maudsley Health', 
        28, 150, 4.3, 160, 
        'approved', '/images/doctors/ai_doctor_senior.png', 'استشارية الطب النفسي، متخصصة في صحة المرأة النفسية، واكتئاب ما بعد الولادة والقلق.', 'Consultant Psychiatrist specializing in women''s mental health, postpartum depression, and anxiety.', now(), now()
    );
EXCEPTION WHEN unique_violation THEN NULL;
END $$;

INSERT INTO doctor_schedules (id, doctor_id, day_of_week, start_time, end_time, is_available)
VALUES
    (uuid_generate_v4(), 'f7ab93a2-a70e-4a87-a98d-4f349f89cb47', 1, '09:00', '17:00', true),
    (uuid_generate_v4(), 'f7ab93a2-a70e-4a87-a98d-4f349f89cb47', 2, '09:00', '17:00', true),
    (uuid_generate_v4(), 'f7ab93a2-a70e-4a87-a98d-4f349f89cb47', 3, '09:00', '14:00', true),
    (uuid_generate_v4(), 'f7ab93a2-a70e-4a87-a98d-4f349f89cb47', 4, '13:00', '21:00', true),
    (uuid_generate_v4(), 'f7ab93a2-a70e-4a87-a98d-4f349f89cb47', 0, '10:00', '16:00', true);

-- Doctor 90: Dr. Jamila Al-Otaibi
DO $$
BEGIN
    -- Cleanup existing user with this email to prevent ID mismatch
    DELETE FROM auth.users WHERE email = 'jamila.al-otaibi.189@marham.sa';
    
    INSERT INTO auth.users (
        id, instance_id, email, encrypted_password, email_confirmed_at, 
        created_at, updated_at, raw_app_meta_data, raw_user_meta_data, aud, role
    ) VALUES (
        '26f11a86-ad16-4603-825a-61e36239bf59', '00000000-0000-0000-0000-000000000000', 'jamila.al-otaibi.189@marham.sa', 
        crypt('password123', gen_salt('bf')), now(), now(), now(), 
        '{"provider":"email","providers":["email"]}', 
        '{"full_name":"Dr. Jamila Al-Otaibi","role":"doctor"}', 
        'authenticated', 'authenticated'
    );
EXCEPTION WHEN unique_violation THEN NULL;
END $$;

DO $$
BEGIN
    INSERT INTO profiles (id, role, full_name_ar, full_name_en, city, created_at, updated_at)
    VALUES (
        '26f11a86-ad16-4603-825a-61e36239bf59', 'doctor', 'د. دلال العتيبي', 'Dr. Jamila Al-Otaibi', 'Jeddah', now(), now()
    );
EXCEPTION WHEN unique_violation THEN NULL;
END $$;

DO $$
BEGIN
    INSERT INTO doctors (
        id, profile_id, scfhs_license, specialty, sub_specialties, hospital, 
        experience_years, consultation_price, rating, total_consultations, 
        status, profile_photo_url, bio_ar, bio_en, created_at, updated_at
    ) VALUES (
        '21e014fc-9c6d-4359-bc79-194ebbf57a94', '26f11a86-ad16-4603-825a-61e36239bf59', '100089', 'OB/GYN', 
        ARRAY['Cosmetic Gynecology','Laser Therapy'], 'Kaya Skin Clinic', 
        8, 200, 4.8, 158, 
        'approved', '/images/doctors/ai_doctor_beige.png', 'استشارية النساء والولادة والتجميل النسائي. متخصصة في الإجراءات التجميلية والعلاجية بالليزر.', 'Consultant OB/GYN specializing in cosmetic gynecology and laser therapies.', now(), now()
    );
EXCEPTION WHEN unique_violation THEN NULL;
END $$;

INSERT INTO doctor_schedules (id, doctor_id, day_of_week, start_time, end_time, is_available)
VALUES
    (uuid_generate_v4(), '21e014fc-9c6d-4359-bc79-194ebbf57a94', 1, '09:00', '17:00', true),
    (uuid_generate_v4(), '21e014fc-9c6d-4359-bc79-194ebbf57a94', 2, '09:00', '17:00', true),
    (uuid_generate_v4(), '21e014fc-9c6d-4359-bc79-194ebbf57a94', 3, '09:00', '14:00', true),
    (uuid_generate_v4(), '21e014fc-9c6d-4359-bc79-194ebbf57a94', 4, '13:00', '21:00', true),
    (uuid_generate_v4(), '21e014fc-9c6d-4359-bc79-194ebbf57a94', 0, '10:00', '16:00', true);

-- Doctor 91: Dr. Latifa Al-Subaie
DO $$
BEGIN
    -- Cleanup existing user with this email to prevent ID mismatch
    DELETE FROM auth.users WHERE email = 'latifa.al-subaie.190@marham.sa';
    
    INSERT INTO auth.users (
        id, instance_id, email, encrypted_password, email_confirmed_at, 
        created_at, updated_at, raw_app_meta_data, raw_user_meta_data, aud, role
    ) VALUES (
        '70d95fd5-63c6-4a69-a4c3-480c35e8771c', '00000000-0000-0000-0000-000000000000', 'latifa.al-subaie.190@marham.sa', 
        crypt('password123', gen_salt('bf')), now(), now(), now(), 
        '{"provider":"email","providers":["email"]}', 
        '{"full_name":"Dr. Latifa Al-Subaie","role":"doctor"}', 
        'authenticated', 'authenticated'
    );
EXCEPTION WHEN unique_violation THEN NULL;
END $$;

DO $$
BEGIN
    INSERT INTO profiles (id, role, full_name_ar, full_name_en, city, created_at, updated_at)
    VALUES (
        '70d95fd5-63c6-4a69-a4c3-480c35e8771c', 'doctor', 'د. خلود السبيعي', 'Dr. Latifa Al-Subaie', 'Khobar', now(), now()
    );
EXCEPTION WHEN unique_violation THEN NULL;
END $$;

DO $$
BEGIN
    INSERT INTO doctors (
        id, profile_id, scfhs_license, specialty, sub_specialties, hospital, 
        experience_years, consultation_price, rating, total_consultations, 
        status, profile_photo_url, bio_ar, bio_en, created_at, updated_at
    ) VALUES (
        '47068793-bc0a-4d8e-8d5d-39b253e0b752', '70d95fd5-63c6-4a69-a4c3-480c35e8771c', '100090', 'Breast Surgery', 
        ARRAY['Breast Oncology','Reconstructive Surgery'], 'King Faisal Specialist Hospital', 
        28, 450, 4.9, 544, 
        'approved', '/images/doctors/doctor_noura_alrashid_1764849899936.png', 'استشارية جراحة أورام الثدي والجراحة الترميمية. الكشف المبكر والعلاج الجراحي.', 'Consultant Breast Surgeon specializing in oncology and reconstructive surgery.', now(), now()
    );
EXCEPTION WHEN unique_violation THEN NULL;
END $$;

INSERT INTO doctor_schedules (id, doctor_id, day_of_week, start_time, end_time, is_available)
VALUES
    (uuid_generate_v4(), '47068793-bc0a-4d8e-8d5d-39b253e0b752', 1, '09:00', '17:00', true),
    (uuid_generate_v4(), '47068793-bc0a-4d8e-8d5d-39b253e0b752', 2, '09:00', '17:00', true),
    (uuid_generate_v4(), '47068793-bc0a-4d8e-8d5d-39b253e0b752', 3, '09:00', '14:00', true),
    (uuid_generate_v4(), '47068793-bc0a-4d8e-8d5d-39b253e0b752', 4, '13:00', '21:00', true),
    (uuid_generate_v4(), '47068793-bc0a-4d8e-8d5d-39b253e0b752', 0, '10:00', '16:00', true);

-- Doctor 92: Dr. Latifa Al-Sulaiman
DO $$
BEGIN
    -- Cleanup existing user with this email to prevent ID mismatch
    DELETE FROM auth.users WHERE email = 'latifa.al-sulaiman.191@marham.sa';
    
    INSERT INTO auth.users (
        id, instance_id, email, encrypted_password, email_confirmed_at, 
        created_at, updated_at, raw_app_meta_data, raw_user_meta_data, aud, role
    ) VALUES (
        'f486797e-f852-44fd-97a6-c93b387e2432', '00000000-0000-0000-0000-000000000000', 'latifa.al-sulaiman.191@marham.sa', 
        crypt('password123', gen_salt('bf')), now(), now(), now(), 
        '{"provider":"email","providers":["email"]}', 
        '{"full_name":"Dr. Latifa Al-Sulaiman","role":"doctor"}', 
        'authenticated', 'authenticated'
    );
EXCEPTION WHEN unique_violation THEN NULL;
END $$;

DO $$
BEGIN
    INSERT INTO profiles (id, role, full_name_ar, full_name_en, city, created_at, updated_at)
    VALUES (
        'f486797e-f852-44fd-97a6-c93b387e2432', 'doctor', 'د. فاطمة السليمان', 'Dr. Latifa Al-Sulaiman', 'Jeddah', now(), now()
    );
EXCEPTION WHEN unique_violation THEN NULL;
END $$;

DO $$
BEGIN
    INSERT INTO doctors (
        id, profile_id, scfhs_license, specialty, sub_specialties, hospital, 
        experience_years, consultation_price, rating, total_consultations, 
        status, profile_photo_url, bio_ar, bio_en, created_at, updated_at
    ) VALUES (
        'ba837287-bd69-4421-8f1e-41f7fe6253f9', 'f486797e-f852-44fd-97a6-c93b387e2432', '100091', 'Dermatology', 
        ARRAY['Cosmetic Dermatology','Laser','Anti-Aging'], 'Habib Medical Group', 
        21, 450, 5.0, 231, 
        'approved', '/images/doctors/doctor_sarah_ahmed_1764849887752.png', 'استشارية جلدية وتجميل والليزر. متخصصة في الحقن التجميلي والعناية بالبشرة.', 'Consultant Dermatologist and Cosmetic Laser specialist. Expert in aesthetic injections and skin care.', now(), now()
    );
EXCEPTION WHEN unique_violation THEN NULL;
END $$;

INSERT INTO doctor_schedules (id, doctor_id, day_of_week, start_time, end_time, is_available)
VALUES
    (uuid_generate_v4(), 'ba837287-bd69-4421-8f1e-41f7fe6253f9', 1, '09:00', '17:00', true),
    (uuid_generate_v4(), 'ba837287-bd69-4421-8f1e-41f7fe6253f9', 2, '09:00', '17:00', true),
    (uuid_generate_v4(), 'ba837287-bd69-4421-8f1e-41f7fe6253f9', 3, '09:00', '14:00', true),
    (uuid_generate_v4(), 'ba837287-bd69-4421-8f1e-41f7fe6253f9', 4, '13:00', '21:00', true),
    (uuid_generate_v4(), 'ba837287-bd69-4421-8f1e-41f7fe6253f9', 0, '10:00', '16:00', true);

-- Doctor 93: Dr. Jamila Al-Shamrani
DO $$
BEGIN
    -- Cleanup existing user with this email to prevent ID mismatch
    DELETE FROM auth.users WHERE email = 'jamila.al-shamrani.192@marham.sa';
    
    INSERT INTO auth.users (
        id, instance_id, email, encrypted_password, email_confirmed_at, 
        created_at, updated_at, raw_app_meta_data, raw_user_meta_data, aud, role
    ) VALUES (
        '08a2c341-e18a-475c-a6d4-a60ad047f8a2', '00000000-0000-0000-0000-000000000000', 'jamila.al-shamrani.192@marham.sa', 
        crypt('password123', gen_salt('bf')), now(), now(), now(), 
        '{"provider":"email","providers":["email"]}', 
        '{"full_name":"Dr. Jamila Al-Shamrani","role":"doctor"}', 
        'authenticated', 'authenticated'
    );
EXCEPTION WHEN unique_violation THEN NULL;
END $$;

DO $$
BEGIN
    INSERT INTO profiles (id, role, full_name_ar, full_name_en, city, created_at, updated_at)
    VALUES (
        '08a2c341-e18a-475c-a6d4-a60ad047f8a2', 'doctor', 'د. ريم الشمراني', 'Dr. Jamila Al-Shamrani', 'Mecca', now(), now()
    );
EXCEPTION WHEN unique_violation THEN NULL;
END $$;

DO $$
BEGIN
    INSERT INTO doctors (
        id, profile_id, scfhs_license, specialty, sub_specialties, hospital, 
        experience_years, consultation_price, rating, total_consultations, 
        status, profile_photo_url, bio_ar, bio_en, created_at, updated_at
    ) VALUES (
        'dcd2f3bd-3557-468f-88f4-9d7a7d414ba3', '08a2c341-e18a-475c-a6d4-a60ad047f8a2', '100092', 'OB/GYN', 
        ARRAY['Infertility & IVF','Pregnancy Follow-up','Fetal Medicine'], 'Habib Medical Group', 
        14, 150, 4.6, 233, 
        'approved', '/images/doctors/doctor_leila_khalid_1764849830840.png', 'استشارية أمراض النساء والولادة وعلاج العقم. خبرة واسعة في متابعة الحمل عالي الخطورة وعمليات أطفال الأنابيب.', 'Consultant OB/GYN and Infertility specialist. Extensive experience in high-risk pregnancies and IVF procedures.', now(), now()
    );
EXCEPTION WHEN unique_violation THEN NULL;
END $$;

INSERT INTO doctor_schedules (id, doctor_id, day_of_week, start_time, end_time, is_available)
VALUES
    (uuid_generate_v4(), 'dcd2f3bd-3557-468f-88f4-9d7a7d414ba3', 1, '09:00', '17:00', true),
    (uuid_generate_v4(), 'dcd2f3bd-3557-468f-88f4-9d7a7d414ba3', 2, '09:00', '17:00', true),
    (uuid_generate_v4(), 'dcd2f3bd-3557-468f-88f4-9d7a7d414ba3', 3, '09:00', '14:00', true),
    (uuid_generate_v4(), 'dcd2f3bd-3557-468f-88f4-9d7a7d414ba3', 4, '13:00', '21:00', true),
    (uuid_generate_v4(), 'dcd2f3bd-3557-468f-88f4-9d7a7d414ba3', 0, '10:00', '16:00', true);

-- Doctor 94: Dr. Bashayer Al-Khalid
DO $$
BEGIN
    -- Cleanup existing user with this email to prevent ID mismatch
    DELETE FROM auth.users WHERE email = 'bashayer.al-khalid.193@marham.sa';
    
    INSERT INTO auth.users (
        id, instance_id, email, encrypted_password, email_confirmed_at, 
        created_at, updated_at, raw_app_meta_data, raw_user_meta_data, aud, role
    ) VALUES (
        'ca44ed42-1290-4876-abba-b994e84800b2', '00000000-0000-0000-0000-000000000000', 'bashayer.al-khalid.193@marham.sa', 
        crypt('password123', gen_salt('bf')), now(), now(), now(), 
        '{"provider":"email","providers":["email"]}', 
        '{"full_name":"Dr. Bashayer Al-Khalid","role":"doctor"}', 
        'authenticated', 'authenticated'
    );
EXCEPTION WHEN unique_violation THEN NULL;
END $$;

DO $$
BEGIN
    INSERT INTO profiles (id, role, full_name_ar, full_name_en, city, created_at, updated_at)
    VALUES (
        'ca44ed42-1290-4876-abba-b994e84800b2', 'doctor', 'د. أسماء الخالد', 'Dr. Bashayer Al-Khalid', 'Dammam', now(), now()
    );
EXCEPTION WHEN unique_violation THEN NULL;
END $$;

DO $$
BEGIN
    INSERT INTO doctors (
        id, profile_id, scfhs_license, specialty, sub_specialties, hospital, 
        experience_years, consultation_price, rating, total_consultations, 
        status, profile_photo_url, bio_ar, bio_en, created_at, updated_at
    ) VALUES (
        '3fc6efd2-c1e8-4dad-aa6e-b8d11933feea', 'ca44ed42-1290-4876-abba-b994e84800b2', '100093', 'Dermatology', 
        ARRAY['Cosmetic Dermatology','Laser','Anti-Aging'], 'Derma Clinic', 
        23, 200, 4.2, 138, 
        'approved', '/images/doctors/doctor_fatima_ali_1764849767672.png', 'استشارية جلدية وتجميل والليزر. متخصصة في الحقن التجميلي والعناية بالبشرة.', 'Consultant Dermatologist and Cosmetic Laser specialist. Expert in aesthetic injections and skin care.', now(), now()
    );
EXCEPTION WHEN unique_violation THEN NULL;
END $$;

INSERT INTO doctor_schedules (id, doctor_id, day_of_week, start_time, end_time, is_available)
VALUES
    (uuid_generate_v4(), '3fc6efd2-c1e8-4dad-aa6e-b8d11933feea', 1, '09:00', '17:00', true),
    (uuid_generate_v4(), '3fc6efd2-c1e8-4dad-aa6e-b8d11933feea', 2, '09:00', '17:00', true),
    (uuid_generate_v4(), '3fc6efd2-c1e8-4dad-aa6e-b8d11933feea', 3, '09:00', '14:00', true),
    (uuid_generate_v4(), '3fc6efd2-c1e8-4dad-aa6e-b8d11933feea', 4, '13:00', '21:00', true),
    (uuid_generate_v4(), '3fc6efd2-c1e8-4dad-aa6e-b8d11933feea', 0, '10:00', '16:00', true);

-- Doctor 95: Dr. Sara Al-Mutairi
DO $$
BEGIN
    -- Cleanup existing user with this email to prevent ID mismatch
    DELETE FROM auth.users WHERE email = 'sara.al-mutairi.194@marham.sa';
    
    INSERT INTO auth.users (
        id, instance_id, email, encrypted_password, email_confirmed_at, 
        created_at, updated_at, raw_app_meta_data, raw_user_meta_data, aud, role
    ) VALUES (
        '2a5393d9-8d42-4535-89e7-5a882e728592', '00000000-0000-0000-0000-000000000000', 'sara.al-mutairi.194@marham.sa', 
        crypt('password123', gen_salt('bf')), now(), now(), now(), 
        '{"provider":"email","providers":["email"]}', 
        '{"full_name":"Dr. Sara Al-Mutairi","role":"doctor"}', 
        'authenticated', 'authenticated'
    );
EXCEPTION WHEN unique_violation THEN NULL;
END $$;

DO $$
BEGIN
    INSERT INTO profiles (id, role, full_name_ar, full_name_en, city, created_at, updated_at)
    VALUES (
        '2a5393d9-8d42-4535-89e7-5a882e728592', 'doctor', 'د. سارة المطيري', 'Dr. Sara Al-Mutairi', 'Jeddah', now(), now()
    );
EXCEPTION WHEN unique_violation THEN NULL;
END $$;

DO $$
BEGIN
    INSERT INTO doctors (
        id, profile_id, scfhs_license, specialty, sub_specialties, hospital, 
        experience_years, consultation_price, rating, total_consultations, 
        status, profile_photo_url, bio_ar, bio_en, created_at, updated_at
    ) VALUES (
        'f47d73ce-d561-481f-90ab-7c5d8026f44c', '2a5393d9-8d42-4535-89e7-5a882e728592', '100094', 'Family Medicine', 
        ARRAY['Women''s Health','Preventive Care'], 'Family Care Center', 
        5, 250, 4.5, 98, 
        'approved', '/images/doctors/doctor_amira_fahad_1764849818816.png', 'طبيبة أسرة متخصصة في صحة المرأة والفحوصات الوقائية الشاملة.', 'Family Medicine Consultant focusing on women''s health and comprehensive preventive care.', now(), now()
    );
EXCEPTION WHEN unique_violation THEN NULL;
END $$;

INSERT INTO doctor_schedules (id, doctor_id, day_of_week, start_time, end_time, is_available)
VALUES
    (uuid_generate_v4(), 'f47d73ce-d561-481f-90ab-7c5d8026f44c', 1, '09:00', '17:00', true),
    (uuid_generate_v4(), 'f47d73ce-d561-481f-90ab-7c5d8026f44c', 2, '09:00', '17:00', true),
    (uuid_generate_v4(), 'f47d73ce-d561-481f-90ab-7c5d8026f44c', 3, '09:00', '14:00', true),
    (uuid_generate_v4(), 'f47d73ce-d561-481f-90ab-7c5d8026f44c', 4, '13:00', '21:00', true),
    (uuid_generate_v4(), 'f47d73ce-d561-481f-90ab-7c5d8026f44c', 0, '10:00', '16:00', true);

-- Doctor 96: Dr. Haya Al-Fahad
DO $$
BEGIN
    -- Cleanup existing user with this email to prevent ID mismatch
    DELETE FROM auth.users WHERE email = 'haya.al-fahad.195@marham.sa';
    
    INSERT INTO auth.users (
        id, instance_id, email, encrypted_password, email_confirmed_at, 
        created_at, updated_at, raw_app_meta_data, raw_user_meta_data, aud, role
    ) VALUES (
        '35323252-efef-4a2c-89f8-b77bad5e9585', '00000000-0000-0000-0000-000000000000', 'haya.al-fahad.195@marham.sa', 
        crypt('password123', gen_salt('bf')), now(), now(), now(), 
        '{"provider":"email","providers":["email"]}', 
        '{"full_name":"Dr. Haya Al-Fahad","role":"doctor"}', 
        'authenticated', 'authenticated'
    );
EXCEPTION WHEN unique_violation THEN NULL;
END $$;

DO $$
BEGIN
    INSERT INTO profiles (id, role, full_name_ar, full_name_en, city, created_at, updated_at)
    VALUES (
        '35323252-efef-4a2c-89f8-b77bad5e9585', 'doctor', 'د. مها الفهد', 'Dr. Haya Al-Fahad', 'Riyadh', now(), now()
    );
EXCEPTION WHEN unique_violation THEN NULL;
END $$;

DO $$
BEGIN
    INSERT INTO doctors (
        id, profile_id, scfhs_license, specialty, sub_specialties, hospital, 
        experience_years, consultation_price, rating, total_consultations, 
        status, profile_photo_url, bio_ar, bio_en, created_at, updated_at
    ) VALUES (
        '3b6f0be5-729b-468d-abad-10f3760c9e57', '35323252-efef-4a2c-89f8-b77bad5e9585', '100095', 'OB/GYN', 
        ARRAY['Infertility & IVF','Pregnancy Follow-up','Fetal Medicine'], 'Habib Medical Group', 
        22, 350, 4.4, 198, 
        'approved', '/images/doctors/ai_doctor_grey.png', 'استشارية أمراض النساء والولادة وعلاج العقم. خبرة واسعة في متابعة الحمل عالي الخطورة وعمليات أطفال الأنابيب.', 'Consultant OB/GYN and Infertility specialist. Extensive experience in high-risk pregnancies and IVF procedures.', now(), now()
    );
EXCEPTION WHEN unique_violation THEN NULL;
END $$;

INSERT INTO doctor_schedules (id, doctor_id, day_of_week, start_time, end_time, is_available)
VALUES
    (uuid_generate_v4(), '3b6f0be5-729b-468d-abad-10f3760c9e57', 1, '09:00', '17:00', true),
    (uuid_generate_v4(), '3b6f0be5-729b-468d-abad-10f3760c9e57', 2, '09:00', '17:00', true),
    (uuid_generate_v4(), '3b6f0be5-729b-468d-abad-10f3760c9e57', 3, '09:00', '14:00', true),
    (uuid_generate_v4(), '3b6f0be5-729b-468d-abad-10f3760c9e57', 4, '13:00', '21:00', true),
    (uuid_generate_v4(), '3b6f0be5-729b-468d-abad-10f3760c9e57', 0, '10:00', '16:00', true);

-- Doctor 97: Dr. Dalal Al-Omari
DO $$
BEGIN
    -- Cleanup existing user with this email to prevent ID mismatch
    DELETE FROM auth.users WHERE email = 'dalal.al-omari.196@marham.sa';
    
    INSERT INTO auth.users (
        id, instance_id, email, encrypted_password, email_confirmed_at, 
        created_at, updated_at, raw_app_meta_data, raw_user_meta_data, aud, role
    ) VALUES (
        '793620a6-f795-4341-8b7e-0c3b1d909b07', '00000000-0000-0000-0000-000000000000', 'dalal.al-omari.196@marham.sa', 
        crypt('password123', gen_salt('bf')), now(), now(), now(), 
        '{"provider":"email","providers":["email"]}', 
        '{"full_name":"Dr. Dalal Al-Omari","role":"doctor"}', 
        'authenticated', 'authenticated'
    );
EXCEPTION WHEN unique_violation THEN NULL;
END $$;

DO $$
BEGIN
    INSERT INTO profiles (id, role, full_name_ar, full_name_en, city, created_at, updated_at)
    VALUES (
        '793620a6-f795-4341-8b7e-0c3b1d909b07', 'doctor', 'د. سمر العمري', 'Dr. Dalal Al-Omari', 'Mecca', now(), now()
    );
EXCEPTION WHEN unique_violation THEN NULL;
END $$;

DO $$
BEGIN
    INSERT INTO doctors (
        id, profile_id, scfhs_license, specialty, sub_specialties, hospital, 
        experience_years, consultation_price, rating, total_consultations, 
        status, profile_photo_url, bio_ar, bio_en, created_at, updated_at
    ) VALUES (
        '08cf60e0-1f3a-4b4b-916b-fac2e9ebe9a4', '793620a6-f795-4341-8b7e-0c3b1d909b07', '100096', 'Nutrition', 
        ARRAY['Weight Management','Pregnancy Nutrition','PCOS Diet'], 'Habib Medical Group', 
        26, 250, 4.8, 95, 
        'approved', '/images/doctors/ai_doctor_blue.png', 'أخصائية تغذية علاجية، برامج متخصصة لمرضى تكيس المبايض وتغذية الحوامل وإنقاص الوزن.', 'Clinical Nutritionist specializing in PCOS management, pregnancy nutrition, and weight loss.', now(), now()
    );
EXCEPTION WHEN unique_violation THEN NULL;
END $$;

INSERT INTO doctor_schedules (id, doctor_id, day_of_week, start_time, end_time, is_available)
VALUES
    (uuid_generate_v4(), '08cf60e0-1f3a-4b4b-916b-fac2e9ebe9a4', 1, '09:00', '17:00', true),
    (uuid_generate_v4(), '08cf60e0-1f3a-4b4b-916b-fac2e9ebe9a4', 2, '09:00', '17:00', true),
    (uuid_generate_v4(), '08cf60e0-1f3a-4b4b-916b-fac2e9ebe9a4', 3, '09:00', '14:00', true),
    (uuid_generate_v4(), '08cf60e0-1f3a-4b4b-916b-fac2e9ebe9a4', 4, '13:00', '21:00', true),
    (uuid_generate_v4(), '08cf60e0-1f3a-4b4b-916b-fac2e9ebe9a4', 0, '10:00', '16:00', true);

-- Doctor 98: Dr. Reem Al-Zahrani
DO $$
BEGIN
    -- Cleanup existing user with this email to prevent ID mismatch
    DELETE FROM auth.users WHERE email = 'reem.al-zahrani.197@marham.sa';
    
    INSERT INTO auth.users (
        id, instance_id, email, encrypted_password, email_confirmed_at, 
        created_at, updated_at, raw_app_meta_data, raw_user_meta_data, aud, role
    ) VALUES (
        '2bf159c6-a84e-4bbe-afab-195c662672d9', '00000000-0000-0000-0000-000000000000', 'reem.al-zahrani.197@marham.sa', 
        crypt('password123', gen_salt('bf')), now(), now(), now(), 
        '{"provider":"email","providers":["email"]}', 
        '{"full_name":"Dr. Reem Al-Zahrani","role":"doctor"}', 
        'authenticated', 'authenticated'
    );
EXCEPTION WHEN unique_violation THEN NULL;
END $$;

DO $$
BEGIN
    INSERT INTO profiles (id, role, full_name_ar, full_name_en, city, created_at, updated_at)
    VALUES (
        '2bf159c6-a84e-4bbe-afab-195c662672d9', 'doctor', 'د. تهاني الزهراني', 'Dr. Reem Al-Zahrani', 'Riyadh', now(), now()
    );
EXCEPTION WHEN unique_violation THEN NULL;
END $$;

DO $$
BEGIN
    INSERT INTO doctors (
        id, profile_id, scfhs_license, specialty, sub_specialties, hospital, 
        experience_years, consultation_price, rating, total_consultations, 
        status, profile_photo_url, bio_ar, bio_en, created_at, updated_at
    ) VALUES (
        'a34ea21c-c95c-4198-8d0b-65e96647da03', '2bf159c6-a84e-4bbe-afab-195c662672d9', '100097', 'Breast Surgery', 
        ARRAY['Breast Oncology','Reconstructive Surgery'], 'King Faisal Specialist Hospital', 
        20, 200, 4.9, 420, 
        'approved', '/images/doctors/ai_doctor_senior.png', 'استشارية جراحة أورام الثدي والجراحة الترميمية. الكشف المبكر والعلاج الجراحي.', 'Consultant Breast Surgeon specializing in oncology and reconstructive surgery.', now(), now()
    );
EXCEPTION WHEN unique_violation THEN NULL;
END $$;

INSERT INTO doctor_schedules (id, doctor_id, day_of_week, start_time, end_time, is_available)
VALUES
    (uuid_generate_v4(), 'a34ea21c-c95c-4198-8d0b-65e96647da03', 1, '09:00', '17:00', true),
    (uuid_generate_v4(), 'a34ea21c-c95c-4198-8d0b-65e96647da03', 2, '09:00', '17:00', true),
    (uuid_generate_v4(), 'a34ea21c-c95c-4198-8d0b-65e96647da03', 3, '09:00', '14:00', true),
    (uuid_generate_v4(), 'a34ea21c-c95c-4198-8d0b-65e96647da03', 4, '13:00', '21:00', true),
    (uuid_generate_v4(), 'a34ea21c-c95c-4198-8d0b-65e96647da03', 0, '10:00', '16:00', true);

-- Doctor 99: Dr. Samar Al-Fahad
DO $$
BEGIN
    -- Cleanup existing user with this email to prevent ID mismatch
    DELETE FROM auth.users WHERE email = 'samar.al-fahad.198@marham.sa';
    
    INSERT INTO auth.users (
        id, instance_id, email, encrypted_password, email_confirmed_at, 
        created_at, updated_at, raw_app_meta_data, raw_user_meta_data, aud, role
    ) VALUES (
        'e8ead75c-ccfa-4ac9-9a67-c1ee88ab86b6', '00000000-0000-0000-0000-000000000000', 'samar.al-fahad.198@marham.sa', 
        crypt('password123', gen_salt('bf')), now(), now(), now(), 
        '{"provider":"email","providers":["email"]}', 
        '{"full_name":"Dr. Samar Al-Fahad","role":"doctor"}', 
        'authenticated', 'authenticated'
    );
EXCEPTION WHEN unique_violation THEN NULL;
END $$;

DO $$
BEGIN
    INSERT INTO profiles (id, role, full_name_ar, full_name_en, city, created_at, updated_at)
    VALUES (
        'e8ead75c-ccfa-4ac9-9a67-c1ee88ab86b6', 'doctor', 'د. حصة الفهد', 'Dr. Samar Al-Fahad', 'Riyadh', now(), now()
    );
EXCEPTION WHEN unique_violation THEN NULL;
END $$;

DO $$
BEGIN
    INSERT INTO doctors (
        id, profile_id, scfhs_license, specialty, sub_specialties, hospital, 
        experience_years, consultation_price, rating, total_consultations, 
        status, profile_photo_url, bio_ar, bio_en, created_at, updated_at
    ) VALUES (
        '3844133a-92e3-4e3d-b026-2bcb48fa6b05', 'e8ead75c-ccfa-4ac9-9a67-c1ee88ab86b6', '100098', 'Breast Surgery', 
        ARRAY['Breast Oncology','Reconstructive Surgery'], 'King Faisal Specialist Hospital', 
        5, 300, 4.8, 107, 
        'approved', '/images/doctors/ai_doctor_beige.png', 'استشارية جراحة أورام الثدي والجراحة الترميمية. الكشف المبكر والعلاج الجراحي.', 'Consultant Breast Surgeon specializing in oncology and reconstructive surgery.', now(), now()
    );
EXCEPTION WHEN unique_violation THEN NULL;
END $$;

INSERT INTO doctor_schedules (id, doctor_id, day_of_week, start_time, end_time, is_available)
VALUES
    (uuid_generate_v4(), '3844133a-92e3-4e3d-b026-2bcb48fa6b05', 1, '09:00', '17:00', true),
    (uuid_generate_v4(), '3844133a-92e3-4e3d-b026-2bcb48fa6b05', 2, '09:00', '17:00', true),
    (uuid_generate_v4(), '3844133a-92e3-4e3d-b026-2bcb48fa6b05', 3, '09:00', '14:00', true),
    (uuid_generate_v4(), '3844133a-92e3-4e3d-b026-2bcb48fa6b05', 4, '13:00', '21:00', true),
    (uuid_generate_v4(), '3844133a-92e3-4e3d-b026-2bcb48fa6b05', 0, '10:00', '16:00', true);

-- Doctor 100: Dr. Amal Al-Khalid
DO $$
BEGIN
    -- Cleanup existing user with this email to prevent ID mismatch
    DELETE FROM auth.users WHERE email = 'amal.al-khalid.199@marham.sa';
    
    INSERT INTO auth.users (
        id, instance_id, email, encrypted_password, email_confirmed_at, 
        created_at, updated_at, raw_app_meta_data, raw_user_meta_data, aud, role
    ) VALUES (
        '52822ab6-b25a-4784-a2a8-18a4a7e2dfaa', '00000000-0000-0000-0000-000000000000', 'amal.al-khalid.199@marham.sa', 
        crypt('password123', gen_salt('bf')), now(), now(), now(), 
        '{"provider":"email","providers":["email"]}', 
        '{"full_name":"Dr. Amal Al-Khalid","role":"doctor"}', 
        'authenticated', 'authenticated'
    );
EXCEPTION WHEN unique_violation THEN NULL;
END $$;

DO $$
BEGIN
    INSERT INTO profiles (id, role, full_name_ar, full_name_en, city, created_at, updated_at)
    VALUES (
        '52822ab6-b25a-4784-a2a8-18a4a7e2dfaa', 'doctor', 'د. سارة الخالد', 'Dr. Amal Al-Khalid', 'Medina', now(), now()
    );
EXCEPTION WHEN unique_violation THEN NULL;
END $$;

DO $$
BEGIN
    INSERT INTO doctors (
        id, profile_id, scfhs_license, specialty, sub_specialties, hospital, 
        experience_years, consultation_price, rating, total_consultations, 
        status, profile_photo_url, bio_ar, bio_en, created_at, updated_at
    ) VALUES (
        '5c438872-e7d3-4504-b521-3dba5f176aeb', '52822ab6-b25a-4784-a2a8-18a4a7e2dfaa', '100099', 'Family Medicine', 
        ARRAY['Women''s Health','Preventive Care'], 'Family Care Center', 
        9, 350, 4.6, 157, 
        'approved', '/images/doctors/doctor_noura_alrashid_1764849899936.png', 'طبيبة أسرة متخصصة في صحة المرأة والفحوصات الوقائية الشاملة.', 'Family Medicine Consultant focusing on women''s health and comprehensive preventive care.', now(), now()
    );
EXCEPTION WHEN unique_violation THEN NULL;
END $$;

INSERT INTO doctor_schedules (id, doctor_id, day_of_week, start_time, end_time, is_available)
VALUES
    (uuid_generate_v4(), '5c438872-e7d3-4504-b521-3dba5f176aeb', 1, '09:00', '17:00', true),
    (uuid_generate_v4(), '5c438872-e7d3-4504-b521-3dba5f176aeb', 2, '09:00', '17:00', true),
    (uuid_generate_v4(), '5c438872-e7d3-4504-b521-3dba5f176aeb', 3, '09:00', '14:00', true),
    (uuid_generate_v4(), '5c438872-e7d3-4504-b521-3dba5f176aeb', 4, '13:00', '21:00', true),
    (uuid_generate_v4(), '5c438872-e7d3-4504-b521-3dba5f176aeb', 0, '10:00', '16:00', true);
